name,shortName,gps,version,catalog,doi,detail_url,mass_1_source,mass_1_source_lower,mass_1_source_upper,mass_2_source,mass_2_source_lower,mass_2_source_upper,network_matched_filter_snr,network_matched_filter_snr_lower,network_matched_filter_snr_upper,luminosity_distance,luminosity_distance_lower,luminosity_distance_upper,chi_eff,chi_eff_lower,chi_eff_upper,total_mass_source,total_mass_source_lower,total_mass_source_upper,chirp_mass_source,chirp_mass_source_lower,chirp_mass_source_upper,chirp_mass,chirp_mass_lower,chirp_mass_upper,redshift,redshift_lower,redshift_upper,far,far_lower,far_upper,p_astro,p_astro_lower,p_astro_upper,final_mass_source,final_mass_source_lower,final_mass_source_upper
GW240109_050431,GW240109_050431-v1,1388811889.8,1,GWTC-4.0,https://doi.org/10.7935/aes8-px89,https://gwosc.org/api/v2/event-versions/GW240109_050431-v1,28.8,-6.2,7.5,18.1,-4.1,4.8,10.4,,,1510.0,-770.0,1010.0,-0.07,-0.23,0.2,47.1,-5.7,6.7,19.6,-2.2,2.7,,,,0.29,-0.13,0.16,0.00022999999999999998,,,0.99,,,45.1,-5.5,6.5
GW240107_013215,GW240107_013215-v1,1388626353.7,1,GWTC-4.0,https://doi.org/10.7935/aes8-px89,https://gwosc.org/api/v2/event-versions/GW240107_013215-v1,59.0,-18.0,27.0,32.0,-16.0,20.0,9.6,,,5800.0,-3200.0,4800.0,0.3,-0.36,0.3,91.0,-20.0,29.0,36.2,-9.5,14.0,,,,0.87,-0.43,0.56,0.028,,,0.99,,,87.0,-19.0,28.0
GW240105_151143,GW240105_151143-v1,1388502721.2,1,GWTC-4.0,https://doi.org/10.7935/aes8-px89,https://gwosc.org/api/v2/event-versions/GW240105_151143-v1,,,,,,,25.9,,,,,,,,,,,,,,,,,,,,,3.3,,,0.7,,,,,
GW240104_164932,GW240104_164932-v1,1388422190.6,1,GWTC-4.0,https://doi.org/10.7935/aes8-px89,https://gwosc.org/api/v2/event-versions/GW240104_164932-v1,42.3,-6.7,9.4,32.1,-8.0,7.5,14.8,,,1910.0,-950.0,1090.0,0.09,-0.19,0.19,74.3,-8.5,11.4,31.8,-3.9,5.1,,,,0.35,-0.16,0.16,1e-05,,,0.99,,,70.6,-7.9,10.7
GW231231_154016,GW231231_154016-v1,1388072434.7,1,GWTC-4.0,https://doi.org/10.7935/aes8-px89,https://gwosc.org/api/v2/event-versions/GW231231_154016-v1,22.5,-3.3,5.7,17.2,-3.2,2.9,13.4,,,1070.0,-530.0,600.0,-0.03,-0.12,0.12,39.9,-3.4,4.1,17.1,-1.4,1.6,,,,0.21,-0.1,0.1,1e-05,,,0.99,,,38.1,-3.2,4.0
GW231231_120147,GW231231_120147-v1,1388059325.6,1,GWTC-4.0,https://doi.org/10.7935/aes8-px89,https://gwosc.org/api/v2/event-versions/GW231231_120147-v1,,,,,,,11.3,,,,,,,,,,,,,,,,,,,,,4.5,,,0.86,,,,,
GW231230_170116,GW231230_170116-v1,1387990895.0,1,GWTC-4.0,https://doi.org/10.7935/aes8-px89,https://gwosc.org/api/v2/event-versions/GW231230_170116-v1,54.0,-15.0,50.0,35.0,-14.0,15.0,8.2,,,5700.0,-3200.0,4800.0,-0.19,-0.35,0.34,89.0,-20.0,49.0,36.9,-8.4,14.3,,,,0.87,-0.43,0.56,0.42,,,0.96,,,85.0,-19.0,47.0
GW231226_101520,GW231226_101520-v1,1387620938.3,1,GWTC-4.0,https://doi.org/10.7935/aes8-px89,https://gwosc.org/api/v2/event-versions/GW231226_101520-v1,40.1,-2.9,4.4,35.0,-4.9,3.2,34.7,,,1180.0,-350.0,240.0,-0.09,-0.1,0.09,74.8,-3.0,4.1,32.4,-1.4,1.8,,,,0.23,-0.06,0.04,1e-05,,,0.99,,,71.4,-2.8,3.8
GW231224_024321,GW231224_024321-v1,1387421020.0,1,GWTC-4.0,https://doi.org/10.7935/aes8-px89,https://gwosc.org/api/v2/event-versions/GW231224_024321-v1,9.3,-1.1,2.2,7.3,-1.3,1.0,14.0,,,950.0,-400.0,290.0,-0.01,-0.06,0.08,16.66,-0.78,1.29,7.13,-0.29,0.48,,,,0.19,-0.07,0.05,1e-05,,,0.99,,,15.89,-0.76,1.26
GW231223_202619,GW231223_202619-v1,1387398397.0,1,GWTC-4.0,https://doi.org/10.7935/aes8-px89,https://gwosc.org/api/v2/event-versions/GW231223_202619-v1,11.1,-1.6,3.8,8.3,-1.9,1.4,10.0,,,890.0,-440.0,490.0,0.1,-0.11,0.13,19.6,-1.5,2.2,8.36,-0.57,0.66,,,,0.18,-0.08,0.08,0.002,,,0.99,,,18.7,-1.5,2.2
GW231223_075055,GW231223_075055-v1,1387353073.3,1,GWTC-4.0,https://doi.org/10.7935/aes8-px89,https://gwosc.org/api/v2/event-versions/GW231223_075055-v1,11.9,-2.8,6.8,6.8,-2.1,2.0,9.4,,,970.0,-430.0,580.0,0.06,-0.12,0.22,19.0,-2.0,4.6,7.79,-0.59,0.58,,,,0.19,-0.08,0.1,0.55,,,0.98,,,18.1,-1.9,4.8
GW231223_032836,GW231223_032836-v1,1387337334.1,1,GWTC-4.0,https://doi.org/10.7935/aes8-px89,https://gwosc.org/api/v2/event-versions/GW231223_032836-v1,46.0,-11.0,16.0,31.0,-14.0,12.0,10.2,,,4200.0,-2100.0,3100.0,-0.15,-0.37,0.33,76.0,-13.0,18.0,31.8,-7.0,8.6,,,,0.67,-0.3,0.39,0.00038,,,0.99,,,73.0,-13.0,17.0
GW231221_135041,GW231221_135041-v1,1387201859.3,1,GWTC-4.0,https://doi.org/10.7935/aes8-px89,https://gwosc.org/api/v2/event-versions/GW231221_135041-v1,47.0,-13.0,21.0,28.0,-13.0,13.0,10.0,,,4600.0,-2500.0,3700.0,0.01,-0.38,0.36,76.0,-15.0,21.0,30.7,-6.8,9.5,,,,0.73,-0.36,0.45,0.54,,,0.96,,,72.0,-15.0,20.0
GW231220_173406,GW231220_173406-v1,1387128864.2,1,GWTC-4.0,https://doi.org/10.7935/aes8-px89,https://gwosc.org/api/v2/event-versions/GW231220_173406-v1,,,,,,,7.9,,,,,,,,,,,,,,,,,,,,,6.2,,,0.77,,,,,
GW231213_111417,GW231213_111417-v1,1386501275.9,1,GWTC-4.0,https://doi.org/10.7935/aes8-px89,https://gwosc.org/api/v2/event-versions/GW231213_111417-v1,35.5,-6.7,10.3,27.2,-7.5,8.1,10.4,,,4000.0,-2000.0,2300.0,0.06,-0.23,0.24,62.5,-9.3,14.3,26.7,-4.2,6.3,,,,0.65,-0.29,0.3,1e-05,,,0.99,,,59.5,-8.8,13.4
GW231206_233901,GW231206_233901-v1,1385941159.5,1,GWTC-4.0,https://doi.org/10.7935/aes8-px89,https://gwosc.org/api/v2/event-versions/GW231206_233901-v1,37.6,-4.6,6.6,28.4,-6.0,5.4,21.9,,,1490.0,-490.0,340.0,-0.05,-0.15,0.14,66.0,-3.7,5.3,28.1,-1.7,2.7,,,,0.28,-0.08,0.05,1e-05,,,0.99,,,63.1,-3.4,5.0
GW231206_233134,GW231206_233134-v1,1385940712.5,1,GWTC-4.0,https://doi.org/10.7935/aes8-px89,https://gwosc.org/api/v2/event-versions/GW231206_233134-v1,35.6,-6.3,9.1,28.1,-7.1,7.5,12.8,,,3200.0,-1800.0,1800.0,-0.09,-0.24,0.22,63.5,-8.8,13.4,27.2,-3.9,5.9,,,,0.54,-0.27,0.25,1e-05,,,0.99,,,60.6,-8.4,12.7
GW231206_010629,GW231206_010629-v1,1385860007.2,1,GWTC-4.0,https://doi.org/10.7935/aes8-px89,https://gwosc.org/api/v2/event-versions/GW231206_010629-v1,,,,,,,9.7,,,,,,,,,,,,,,,,,,,,,6.8999999999999995,,,0.58,,,,,
GW231204_090648,GW231204_090648-v1,1385716026.9,1,GWTC-4.0,https://doi.org/10.7935/aes8-px89,https://gwosc.org/api/v2/event-versions/GW231204_090648-v1,,,,,,,8.4,,,,,,,,,,,,,,,,,,,,,3.5999999999999996,,,0.54,,,,,
GW231129_081745,GW231129_081745-v1,1385281083.6,1,GWTC-4.0,https://doi.org/10.7935/aes8-px89,https://gwosc.org/api/v2/event-versions/GW231129_081745-v1,45.0,-13.0,15.0,23.8,-8.2,10.0,9.4,,,3800.0,-2100.0,3600.0,0.02,-0.26,0.27,69.0,-14.0,18.0,27.7,-5.7,7.7,,,,0.63,-0.31,0.45,0.056,,,0.99,,,66.0,-14.0,17.0
GW231127_165300,GW231127_165300-v1,1385139198.9,1,GWTC-4.0,https://doi.org/10.7935/aes8-px89,https://gwosc.org/api/v2/event-versions/GW231127_165300-v1,45.0,-12.0,18.0,29.0,-12.0,12.0,9.9,,,4500.0,-2500.0,3600.0,0.05,-0.32,0.3,74.0,-15.0,22.0,30.5,-6.7,9.5,,,,0.71,-0.35,0.44,0.01,,,0.99,,,71.0,-14.0,21.0
GW231126_010928,GW231126_010928-v1,1384996186.3,1,GWTC-4.0,https://doi.org/10.7935/aes8-px89,https://gwosc.org/api/v2/event-versions/GW231126_010928-v1,,,,,,,9.1,,,,,,,,,,,,,,,,,,,,,4.2,,,0.86,,,,,
GW231123_135430,GW231123_135430-v2,1384782888.7,2,GWTC-4.0,https://doi.org/10.7935/aes8-px89,https://gwosc.org/api/v2/event-versions/GW231123_135430-v2,137.0,-18.0,23.0,101.0,-51.0,22.0,21.8,,,2200.0,-1500.0,2000.0,0.31,-0.41,0.25,236.0,-48.0,29.0,101.0,-30.0,13.0,,,,0.39,-0.25,0.28,1e-05,,,0.99,,,222.0,-42.0,27.0
GW231120_022103,GW231120_022103-v1,1384482081.0,1,GWTC-4.0,https://doi.org/10.7935/aes8-px89,https://gwosc.org/api/v2/event-versions/GW231120_022103-v1,,,,,,,10.0,,,,,,,,,,,,,,,,,,,,,3.8000000000000003,,,0.9,,,,,
GW231119_075248,GW231119_075248-v1,1384415586.1,1,GWTC-4.0,https://doi.org/10.7935/aes8-px89,https://gwosc.org/api/v2/event-versions/GW231119_075248-v1,49.0,-13.0,23.0,33.0,-13.0,15.0,8.3,,,6700.0,-3700.0,5500.0,,,,82.0,-18.0,29.0,34.4,-7.8,12.4,,,,0.99,-0.48,0.62,0.019,,,0.99,,,79.0,-18.0,27.0
GW231118_090602,GW231118_090602-v1,1384333580.0,1,GWTC-4.0,https://doi.org/10.7935/aes8-px89,https://gwosc.org/api/v2/event-versions/GW231118_090602-v1,13.1,-3.3,13.7,7.3,-3.3,2.1,11.0,,,1350.0,-600.0,540.0,0.08,-0.09,0.36,20.7,-2.3,10.2,8.37,-0.56,0.76,,,,0.26,-0.11,0.09,1e-05,,,0.99,,,19.7,-2.3,10.6
GW231118_071402,GW231118_071402-v1,1384326860.2,1,GWTC-4.0,https://doi.org/10.7935/aes8-px89,https://gwosc.org/api/v2/event-versions/GW231118_071402-v1,43.0,-10.0,15.0,29.0,-10.0,11.0,9.2,,,4300.0,-2200.0,3500.0,0.11,-0.28,0.29,72.0,-14.0,18.0,30.4,-6.1,7.9,,,,0.69,-0.32,0.43,0.0028,,,0.99,,,69.0,-13.0,17.0
GW231118_005626,GW231118_005626-v1,1384304204.8,1,GWTC-4.0,https://doi.org/10.7935/aes8-px89,https://gwosc.org/api/v2/event-versions/GW231118_005626-v1,19.8,-4.9,6.6,10.9,-2.4,3.3,10.7,,,2190.0,-970.0,930.0,0.37,-0.11,0.1,30.9,-3.6,5.3,12.6,-1.1,1.6,,,,0.39,-0.16,0.14,1e-05,,,0.99,,,29.3,-3.6,5.3
GW231114_043211,GW231114_043211-v1,1383971549.2,1,GWTC-4.0,https://doi.org/10.7935/aes8-px89,https://gwosc.org/api/v2/event-versions/GW231114_043211-v1,22.7,-6.4,9.6,8.2,-2.2,2.6,10.0,,,1380.0,-610.0,870.0,0.08,-0.16,0.22,31.0,-4.8,7.6,11.6,-1.1,1.1,,,,0.26,-0.11,0.14,0.00013,,,0.99,,,30.0,-4.8,7.8
GW231113_200417,GW231113_200417-v1,1383941075.9,1,GWTC-4.0,https://doi.org/10.7935/aes8-px89,https://gwosc.org/api/v2/event-versions/GW231113_200417-v1,11.5,-2.3,5.1,7.4,-2.0,1.8,10.5,,,1160.0,-530.0,640.0,0.13,-0.08,0.14,19.2,-1.9,3.1,8.01,-0.64,0.68,,,,0.23,-0.1,0.11,3.8e-05,,,0.99,,,18.3,-1.9,3.2
GW231113_150041,GW231113_150041-v1,1383922859.4,1,GWTC-4.0,https://doi.org/10.7935/aes8-px89,https://gwosc.org/api/v2/event-versions/GW231113_150041-v1,,,,,,,8.7,,,,,,,,,,,,,,,,,,,,,1.7999999999999998,,,0.96,,,,,
GW231113_122623,GW231113_122623-v1,1383913601.9,1,GWTC-4.0,https://doi.org/10.7935/aes8-px89,https://gwosc.org/api/v2/event-versions/GW231113_122623-v1,39.7,-9.6,17.3,26.4,-9.4,9.0,8.6,,,3400.0,-1700.0,2400.0,0.33,-0.33,0.25,67.0,-13.0,16.0,27.9,-5.5,6.3,,,,0.57,-0.25,0.31,0.28,,,0.99,,,63.0,-12.0,15.0
GW231110_040320,GW231110_040320-v1,1383624218.2,1,GWTC-4.0,https://doi.org/10.7935/aes8-px89,https://gwosc.org/api/v2/event-versions/GW231110_040320-v1,19.5,-4.1,5.8,12.5,-2.9,3.1,11.5,,,1890.0,-910.0,870.0,0.17,-0.12,0.13,32.2,-3.4,4.3,13.4,-1.2,1.7,,,,0.35,-0.15,0.13,1e-05,,,0.99,,,30.6,-3.3,4.2
GW231108_125142,GW231108_125142-v1,1383483120.5,1,GWTC-4.0,https://doi.org/10.7935/aes8-px89,https://gwosc.org/api/v2/event-versions/GW231108_125142-v1,23.2,-3.6,5.5,17.4,-3.1,3.2,12.6,,,2060.0,-910.0,730.0,-0.08,-0.15,0.13,40.6,-3.3,5.1,17.3,-1.3,2.1,,,,0.37,-0.15,0.11,1e-05,,,0.99,,,38.8,-3.2,4.9
GW231104_133418,GW231104_133418-v1,1383140076.9,1,GWTC-4.0,https://doi.org/10.7935/aes8-px89,https://gwosc.org/api/v2/event-versions/GW231104_133418-v1,12.3,-2.1,4.5,8.6,-2.2,1.8,11.8,,,1470.0,-660.0,540.0,0.14,-0.07,0.12,21.0,-1.7,2.8,8.84,-0.56,0.87,,,,0.28,-0.11,0.09,1e-05,,,0.99,,,20.0,-1.7,2.8
GW231102_232433,GW231102_232433-v1,1383002691.5,1,GWTC-4.0,https://doi.org/10.7935/aes8-px89,https://gwosc.org/api/v2/event-versions/GW231102_232433-v1,,,,,,,7.6,,,,,,,,,,,,,,,,,,,,,2.5,,,0.8,,,,,
GW231102_071736,GW231102_071736-v1,1382944674.4,1,GWTC-4.0,https://doi.org/10.7935/aes8-px89,https://gwosc.org/api/v2/event-versions/GW231102_071736-v1,61.0,-12.0,14.0,43.0,-13.0,13.0,15.6,,,3800.0,-1800.0,2100.0,0.06,-0.22,0.23,102.0,-13.0,21.0,43.4,-6.3,9.3,,,,0.63,-0.26,0.26,1e-05,,,0.99,,,98.0,-12.0,19.0
GW231102_052214,GW231102_052214-v1,1382937752.4,1,GWTC-4.0,https://doi.org/10.7935/aes8-px89,https://gwosc.org/api/v2/event-versions/GW231102_052214-v1,,,,,,,7.9,,,,,,,,,,,,,,,,,,,,,4.0,,,0.72,,,,,
GW231029_111508,GW231029_111508-v1,1382613326.8,1,GWTC-4.0,https://doi.org/10.7935/aes8-px89,https://gwosc.org/api/v2/event-versions/GW231029_111508-v1,65.0,-14.0,17.0,42.0,-15.0,15.0,10.8,,,3100.0,-1700.0,2400.0,0.14,-0.24,0.24,106.0,-16.0,22.0,44.2,-8.0,10.5,,,,0.53,-0.25,0.32,5.2000000000000004e-05,,,0.99,,,101.0,-15.0,21.0
GW231028_153006,GW231028_153006-v1,1382542224.3,1,GWTC-4.0,https://doi.org/10.7935/aes8-px89,https://gwosc.org/api/v2/event-versions/GW231028_153006-v1,95.0,-20.0,33.0,58.0,-25.0,21.0,22.4,,,4100.0,-1900.0,1400.0,0.44,-0.2,0.16,152.0,-14.0,29.0,63.0,-10.0,13.0,,,,0.67,-0.27,0.18,1e-05,,,0.99,,,144.0,-13.0,27.0
GW231026_130704,GW231026_130704-v1,1382360842.2,1,GWTC-4.0,https://doi.org/10.7935/aes8-px89,https://gwosc.org/api/v2/event-versions/GW231026_130704-v1,,,,,,,8.3,,,,,,,,,,,,,,,,,,,,,1.7,,,0.93,,,,,
GW231020_142947,GW231020_142947-v1,1381847405.6,1,GWTC-4.0,https://doi.org/10.7935/aes8-px89,https://gwosc.org/api/v2/event-versions/GW231020_142947-v1,12.1,-2.7,9.1,7.3,-2.9,2.1,12.0,,,1230.0,-630.0,520.0,0.15,-0.12,0.25,19.8,-2.1,6.0,8.06,-0.53,0.81,,,,0.24,-0.11,0.09,1e-05,,,0.99,,,18.9,-2.0,6.3
GW231018_233037,GW231018_233037-v1,1381707055.0,1,GWTC-4.0,https://doi.org/10.7935/aes8-px89,https://gwosc.org/api/v2/event-versions/GW231018_233037-v1,11.6,-2.5,4.9,7.2,-2.0,1.9,9.1,,,1530.0,-730.0,760.0,0.01,-0.13,0.17,19.1,-2.0,3.3,7.9,-0.68,0.88,,,,0.29,-0.13,0.12,0.68,,,0.93,,,18.2,-2.0,3.3
GW231014_040532,GW231014_040532-v1,1381291551.0,1,GWTC-4.0,https://doi.org/10.7935/aes8-px89,https://gwosc.org/api/v2/event-versions/GW231014_040532-v1,20.6,-4.0,7.8,14.7,-4.3,3.9,9.0,,,2300.0,-1200.0,1400.0,0.17,-0.28,0.26,35.5,-4.6,7.0,15.0,-1.9,2.7,,,,0.42,-0.2,0.2,0.21,,,0.96,,,33.8,-4.3,6.6
GW231013_135504,GW231013_135504-v1,1381240522.4,1,GWTC-4.0,https://doi.org/10.7935/aes8-px89,https://gwosc.org/api/v2/event-versions/GW231013_135504-v1,,,,,,,8.4,,,,,,,,,,,,,,,,,,,,,64.0,,,0.54,,,,,
GW231008_142521,GW231008_142521-v1,1380810339.8,1,GWTC-4.0,https://doi.org/10.7935/aes8-px89,https://gwosc.org/api/v2/event-versions/GW231008_142521-v1,45.0,-12.0,17.0,25.5,-9.7,10.7,9.3,,,3000.0,-1300.0,2500.0,-0.01,-0.28,0.26,71.0,-13.0,16.0,28.9,-5.6,6.8,,,,0.51,-0.2,0.33,0.0016,,,0.99,,,69.0,-13.0,15.0
GW231005_144455,GW231005_144455-v1,1380552313.4,1,GWTC-4.0,https://doi.org/10.7935/aes8-px89,https://gwosc.org/api/v2/event-versions/GW231005_144455-v1,,,,,,,7.3,,,,,,,,,,,,,,,,,,,,,60.0,,,0.55,,,,,
GW231005_091549,GW231005_091549-v1,1380532567.5,1,GWTC-4.0,https://doi.org/10.7935/aes8-px89,https://gwosc.org/api/v2/event-versions/GW231005_091549-v1,28.8,-6.1,10.1,21.2,-6.1,6.4,11.0,,,3800.0,-1900.0,2600.0,-0.03,-0.26,0.23,50.2,-8.3,11.3,21.3,-3.5,4.8,,,,0.62,-0.27,0.33,0.04,,,0.99,,,48.0,-7.9,10.8
GW231005_021030,GW231005_021030-v1,1380507049.0,1,GWTC-4.0,https://doi.org/10.7935/aes8-px89,https://gwosc.org/api/v2/event-versions/GW231005_021030-v1,83.0,-23.0,31.0,49.0,-20.0,22.0,10.4,,,6400.0,-3300.0,4700.0,0.1,-0.37,0.35,132.0,-25.0,37.0,54.0,-12.0,17.0,,,,0.95,-0.43,0.54,0.01,,,0.99,,,126.0,-24.0,35.0
GW231004_232346,GW231004_232346-v1,1380497044.3,1,GWTC-4.0,https://doi.org/10.7935/aes8-px89,https://gwosc.org/api/v2/event-versions/GW231004_232346-v1,65.0,-19.0,25.0,35.0,-14.0,16.0,8.9,,,4300.0,-2200.0,3600.0,-0.05,-0.37,0.3,100.0,-19.0,28.0,40.1,-8.5,11.7,,,,0.69,-0.31,0.44,0.16,,,0.97,,,96.0,-19.0,26.0
GW231002_143916,GW231002_143916-v1,1380292774.7,1,GWTC-4.0,https://doi.org/10.7935/aes8-px89,https://gwosc.org/api/v2/event-versions/GW231002_143916-v1,,,,,,,9.4,,,,,,,,,,,,,,,,,,,,,1.0,,,0.9,,,,,
GW231001_140220,GW231001_140220-v1,1380204158.7,1,GWTC-4.0,https://doi.org/10.7935/aes8-px89,https://gwosc.org/api/v2/event-versions/GW231001_140220-v1,75.0,-22.0,26.0,40.0,-16.0,18.0,11.5,,,4400.0,-2400.0,3800.0,-0.04,-0.35,0.33,115.0,-22.0,32.0,46.4,-9.9,14.3,,,,0.71,-0.34,0.47,1.6e-05,,,0.99,,,111.0,-21.0,31.0
GW230930_110730,GW230930_110730-v1,1380107268.4,1,GWTC-4.0,https://doi.org/10.7935/aes8-px89,https://gwosc.org/api/v2/event-versions/GW230930_110730-v1,34.4,-7.8,12.9,24.4,-7.4,8.3,9.0,,,4900.0,-2500.0,3200.0,0.03,-0.27,0.26,59.0,-10.0,15.0,24.9,-4.2,6.3,,,,0.77,-0.34,0.38,0.17,,,0.99,,,56.3,-9.7,14.2
GW230928_215827,GW230928_215827-v1,1379973525.1,1,GWTC-4.0,https://doi.org/10.7935/aes8-px89,https://gwosc.org/api/v2/event-versions/GW230928_215827-v1,54.0,-15.0,19.0,29.0,-11.0,14.0,10.5,,,5000.0,-2500.0,3900.0,0.4,-0.28,0.2,83.0,-18.0,22.0,33.6,-7.5,9.9,,,,0.78,-0.34,0.47,1.4999999999999999e-05,,,0.99,,,79.0,-17.0,21.0
GW230927_153832,GW230927_153832-v1,1379864330.9,1,GWTC-4.0,https://doi.org/10.7935/aes8-px89,https://gwosc.org/api/v2/event-versions/GW230927_153832-v1,21.9,-2.9,3.7,16.5,-2.5,2.6,20.3,,,1180.0,-530.0,380.0,0.03,-0.08,0.08,38.3,-2.2,3.3,16.36,-0.82,1.42,,,,0.23,-0.1,0.06,1e-05,,,0.99,,,36.5,-2.1,3.1
GW230927_043729,GW230927_043729-v1,1379824667.1,1,GWTC-4.0,https://doi.org/10.7935/aes8-px89,https://gwosc.org/api/v2/event-versions/GW230927_043729-v1,34.9,-6.1,8.7,27.1,-6.5,7.2,12.1,,,3300.0,-1700.0,1700.0,0.01,-0.22,0.2,61.8,-8.0,12.6,26.5,-3.5,5.5,,,,0.55,-0.26,0.23,1e-05,,,0.99,,,58.9,-7.6,11.9
GW230925_143957,GW230925_143957-v1,1379688015.5,1,GWTC-4.0,https://doi.org/10.7935/aes8-px89,https://gwosc.org/api/v2/event-versions/GW230925_143957-v1,,,,,,,8.0,,,,,,,,,,,,,,,,,,,,,8.2,,,0.55,,,,,
GW230924_124453,GW230924_124453-v1,1379594711.8,1,GWTC-4.0,https://doi.org/10.7935/aes8-px89,https://gwosc.org/api/v2/event-versions/GW230924_124453-v1,28.8,-4.0,5.9,23.1,-4.4,4.4,13.5,,,2400.0,-1000.0,1000.0,0.02,-0.18,0.18,51.8,-4.9,7.0,22.3,-2.1,3.1,,,,0.42,-0.16,0.15,1e-05,,,0.99,,,49.3,-4.6,6.6
GW230922_040658,GW230922_040658-v1,1379390836.1,1,GWTC-4.0,https://doi.org/10.7935/aes8-px89,https://gwosc.org/api/v2/event-versions/GW230922_040658-v1,76.0,-18.0,29.0,51.0,-24.0,23.0,12.5,,,6400.0,-3500.0,4100.0,0.31,-0.32,0.25,125.0,-21.0,37.0,52.0,-11.0,17.0,,,,0.96,-0.45,0.47,1e-05,,,0.99,,,119.0,-21.0,34.0
GW230922_020344,GW230922_020344-v1,1379383442.9,1,GWTC-4.0,https://doi.org/10.7935/aes8-px89,https://gwosc.org/api/v2/event-versions/GW230922_020344-v1,39.3,-6.3,10.0,29.2,-6.2,5.6,13.4,,,1640.0,-730.0,730.0,0.03,-0.21,0.2,68.6,-6.5,8.9,29.2,-2.6,3.6,,,,0.31,-0.12,0.11,1e-05,,,0.99,,,65.4,-6.1,8.4
GW230920_071124,GW230920_071124-v1,1379229102.7,1,GWTC-4.0,https://doi.org/10.7935/aes8-px89,https://gwosc.org/api/v2/event-versions/GW230920_071124-v1,32.4,-6.2,9.1,23.8,-6.9,6.6,11.1,,,2900.0,-1400.0,1800.0,,,,56.4,-8.0,10.2,23.9,-3.4,4.6,,,,0.5,-0.21,0.24,1e-05,,,0.99,,,53.9,-7.6,9.6
GW230920_064709,GW230920_064709-v1,1379227647.3,1,GWTC-4.0,https://doi.org/10.7935/aes8-px89,https://gwosc.org/api/v2/event-versions/GW230920_064709-v1,,,,,,,9.5,,,,,,,,,,,,,,,,,,,,,4.8,,,0.81,,,,,
GW230919_215712,GW230919_215712-v1,1379195850.0,1,GWTC-4.0,https://doi.org/10.7935/aes8-px89,https://gwosc.org/api/v2/event-versions/GW230919_215712-v1,27.3,-3.7,5.5,21.4,-4.3,3.5,16.8,,,1330.0,-500.0,790.0,0.18,-0.13,0.12,49.0,-4.5,4.2,21.0,-1.9,1.8,,,,0.26,-0.09,0.13,1e-05,,,0.99,,,46.5,-4.3,3.9
GW230914_111401,GW230914_111401-v1,1378725259.7,1,GWTC-4.0,https://doi.org/10.7935/aes8-px89,https://gwosc.org/api/v2/event-versions/GW230914_111401-v1,59.0,-11.0,12.0,36.0,-12.0,13.0,17.2,,,2700.0,-1200.0,1600.0,0.12,-0.2,0.19,95.0,-10.0,15.0,39.6,-6.2,7.5,,,,0.47,-0.19,0.23,1e-05,,,0.99,,,90.9,-9.7,14.0
GW230911_195324,GW230911_195324-v1,1378497222.2,1,GWTC-4.0,https://doi.org/10.7935/aes8-px89,https://gwosc.org/api/v2/event-versions/GW230911_195324-v1,33.6,-7.3,8.1,21.7,-5.7,5.6,11.1,,,1370.0,-720.0,1160.0,-0.03,-0.23,0.19,55.3,-7.0,7.8,23.1,-3.0,3.4,,,,0.26,-0.13,0.18,0.001,,,0.99,,,53.0,-6.7,7.4
GW230904_152545,GW230904_152545-v1,1377876363.2,1,GWTC-4.0,https://doi.org/10.7935/aes8-px89,https://gwosc.org/api/v2/event-versions/GW230904_152545-v1,,,,,,,9.2,,,,,,,,,,,,,,,,,,,,,18.0,,,0.74,,,,,
GW230904_051013,GW230904_051013-v1,1377839431.1,1,GWTC-4.0,https://doi.org/10.7935/aes8-px89,https://gwosc.org/api/v2/event-versions/GW230904_051013-v1,10.6,-1.9,4.1,7.1,-1.9,1.5,10.5,,,1010.0,-420.0,600.0,0.05,-0.07,0.15,17.9,-1.6,2.4,7.54,-0.6,0.53,,,,0.2,-0.08,0.1,3.9e-05,,,0.99,,,17.1,-1.6,2.5
GW230902_224555,GW230902_224555-v1,1377729973.7,1,GWTC-4.0,https://doi.org/10.7935/aes8-px89,https://gwosc.org/api/v2/event-versions/GW230902_224555-v1,,,,,,,7.5,,,,,,,,,,,,,,,,,,,,,51.0,,,0.52,,,,,
GW230902_172430,GW230902_172430-v1,1377710688.8,1,GWTC-4.0,https://doi.org/10.7935/aes8-px89,https://gwosc.org/api/v2/event-versions/GW230902_172430-v1,,,,,,,8.5,,,,,,,,,,,,,,,,,,,,,39.0,,,0.59,,,,,
GW230902_122814,GW230902_122814-v1,1377692912.9,1,GWTC-4.0,https://doi.org/10.7935/aes8-px89,https://gwosc.org/api/v2/event-versions/GW230902_122814-v1,,,,,,,8.1,,,,,,,,,,,,,,,,,,,,,2.0,,,0.84,,,,,
GW230831_134621,GW230831_134621-v1,1377524799.7,1,GWTC-4.0,https://doi.org/10.7935/aes8-px89,https://gwosc.org/api/v2/event-versions/GW230831_134621-v1,,,,,,,8.8,,,,,,,,,,,,,,,,,,,,,12.0,,,0.8,,,,,
GW230831_015414,GW230831_015414-v1,1377482072.1,1,GWTC-4.0,https://doi.org/10.7935/aes8-px89,https://gwosc.org/api/v2/event-versions/GW230831_015414-v1,42.0,-10.0,18.0,30.0,-10.0,12.0,8.6,,,4900.0,-2900.0,4200.0,0.03,-0.3,0.3,73.0,-15.0,26.0,30.7,-6.5,10.6,,,,0.77,-0.4,0.5,0.29,,,0.99,,,69.0,-14.0,24.0
GW230830_064744,GW230830_064744-v1,1377413282.2,1,GWTC-4.0,https://doi.org/10.7935/aes8-px89,https://gwosc.org/api/v2/event-versions/GW230830_064744-v1,,,,,,,8.5,,,,,,,,,,,,,,,,,,,,,3.5,,,0.55,,,,,
GW230825_041334,GW230825_041334-v1,1376972032.5,1,GWTC-4.0,https://doi.org/10.7935/aes8-px89,https://gwosc.org/api/v2/event-versions/GW230825_041334-v1,43.0,-12.0,17.0,27.3,-8.9,11.9,8.8,,,4900.0,-2900.0,4200.0,0.28,-0.29,0.25,71.0,-15.0,22.0,29.4,-6.3,9.4,,,,0.77,-0.4,0.5,0.1,,,0.98,,,67.0,-15.0,20.0
GW230824_135331,GW230824_135331-v1,1376920429.9,1,GWTC-4.0,https://doi.org/10.7935/aes8-px89,https://gwosc.org/api/v2/event-versions/GW230824_135331-v1,,,,,,,9.7,,,,,,,,,,,,,,,,,,,,,6.2,,,0.58,,,,,
GW230824_033047,GW230824_033047-v1,1376883065.7,1,GWTC-4.0,https://doi.org/10.7935/aes8-px89,https://gwosc.org/api/v2/event-versions/GW230824_033047-v1,53.0,-11.0,16.0,36.0,-13.0,12.0,11.1,,,4700.0,-2300.0,2900.0,,,,88.0,-14.0,19.0,37.0,-6.3,9.1,,,,0.74,-0.32,0.36,1e-05,,,0.99,,,84.0,-13.0,19.0
GW230823_142524,GW230823_142524-v1,1376835942.6,1,GWTC-4.0,https://doi.org/10.7935/aes8-px89,https://gwosc.org/api/v2/event-versions/GW230823_142524-v1,,,,,,,8.8,,,,,,,,,,,,,,,,,,,,,1.6,,,0.86,,,,,
GW230822_230337,GW230822_230337-v1,1376780635.5,1,GWTC-4.0,https://doi.org/10.7935/aes8-px89,https://gwosc.org/api/v2/event-versions/GW230822_230337-v1,,,,,,,8.3,,,,,,,,,,,,,,,,,,,,,1.5,,,0.86,,,,,
GW230820_212515,GW230820_212515-v1,1376601934.0,1,GWTC-4.0,https://doi.org/10.7935/aes8-px89,https://gwosc.org/api/v2/event-versions/GW230820_212515-v1,62.0,-15.0,23.0,34.0,-18.0,18.0,9.3,,,4000.0,-2100.0,3000.0,0.21,-0.29,0.31,96.0,-16.0,22.0,38.6,-9.8,11.2,,,,0.65,-0.3,0.38,0.24,,,0.97,,,92.0,-16.0,21.0
GW230819_171910,GW230819_171910-v1,1376500768.4,1,GWTC-4.0,https://doi.org/10.7935/aes8-px89,https://gwosc.org/api/v2/event-versions/GW230819_171910-v1,70.0,-21.0,47.0,35.0,-19.0,20.0,9.9,,,4000.0,-2200.0,3900.0,-0.04,-0.43,0.36,106.0,-22.0,41.0,42.0,-11.0,14.0,,,,0.65,-0.31,0.49,0.011,,,0.99,,,102.0,-22.0,41.0
GW230817_212349,GW230817_212349-v1,1376342647.1,1,GWTC-4.0,https://doi.org/10.7935/aes8-px89,https://gwosc.org/api/v2/event-versions/GW230817_212349-v1,,,,,,,7.8,,,,,,,,,,,,,,,,,,,,,6.2,,,0.86,,,,,
GW230814_230901,GW230814_230901-v1,1376089759.8,1,GWTC-4.0,https://doi.org/10.7935/aes8-px89,https://gwosc.org/api/v2/event-versions/GW230814_230901-v1,33.6,-2.2,2.8,28.3,-3.0,2.1,43.0,,,280.0,-130.0,170.0,-0.01,-0.08,0.06,61.8,-2.1,2.0,26.75,-1.0,0.89,,,,0.06,-0.03,0.03,1e-05,,,0.99,,,58.9,-1.9,1.9
GW230814_061920,GW230814_061920-v1,1376029178.5,1,GWTC-4.0,https://doi.org/10.7935/aes8-px89,https://gwosc.org/api/v2/event-versions/GW230814_061920-v1,69.0,-17.0,19.0,42.0,-16.0,17.0,11.2,,,4000.0,-2000.0,3400.0,0.05,-0.28,0.29,110.0,-20.0,26.0,45.5,-9.9,11.9,,,,0.65,-0.28,0.42,0.00063,,,0.99,,,105.0,-19.0,24.0
GW230811_032116,GW230811_032116-v1,1375759294.3,1,GWTC-4.0,https://doi.org/10.7935/aes8-px89,https://gwosc.org/api/v2/event-versions/GW230811_032116-v1,35.6,-7.5,8.7,22.1,-5.1,6.7,13.6,,,2100.0,-1100.0,1200.0,0.02,-0.18,0.18,57.9,-6.6,8.7,24.0,-2.4,4.1,,,,0.38,-0.18,0.17,1e-05,,,0.99,,,55.3,-6.4,8.3
GW230807_205045,GW230807_205045-v1,1375476663.4,1,GWTC-4.0,https://doi.org/10.7935/aes8-px89,https://gwosc.org/api/v2/event-versions/GW230807_205045-v1,,,,,,,8.7,,,,,,,,,,,,,,,,,,,,,2.9,,,0.59,,,,,
GW230806_204041,GW230806_204041-v1,1375389659.9,1,GWTC-4.0,https://doi.org/10.7935/aes8-px89,https://gwosc.org/api/v2/event-versions/GW230806_204041-v1,51.0,-12.0,18.0,35.0,-13.0,14.0,9.4,,,5500.0,-2900.0,3700.0,0.08,-0.27,0.28,85.0,-15.0,24.0,35.8,-6.9,10.7,,,,0.84,-0.39,0.44,0.0037,,,0.99,,,81.0,-15.0,23.0
GW230805_034249,GW230805_034249-v1,1375242188.0,1,GWTC-4.0,https://doi.org/10.7935/aes8-px89,https://gwosc.org/api/v2/event-versions/GW230805_034249-v1,32.1,-7.3,12.5,22.6,-7.5,7.8,9.5,,,3500.0,-1700.0,2600.0,0.06,-0.28,0.27,54.9,-9.7,13.8,23.1,-4.2,5.9,,,,0.58,-0.25,0.33,0.0037,,,0.99,,,52.4,-9.2,13.0
GW230803_033412,GW230803_033412-v1,1375068870.4,1,GWTC-4.0,https://doi.org/10.7935/aes8-px89,https://gwosc.org/api/v2/event-versions/GW230803_033412-v1,45.0,-12.0,19.0,29.0,-10.0,12.0,9.4,,,4900.0,-2600.0,4000.0,0.06,-0.31,0.29,74.0,-16.0,22.0,30.5,-6.7,9.3,,,,0.77,-0.35,0.47,0.31,,,0.99,,,70.0,-15.0,21.0
GW230731_215307,GW230731_215307-v1,1374875605.9,1,GWTC-4.0,https://doi.org/10.7935/aes8-px89,https://gwosc.org/api/v2/event-versions/GW230731_215307-v1,10.4,-1.4,2.9,7.8,-1.6,1.2,12.2,,,1110.0,-460.0,350.0,-0.05,-0.06,0.11,18.3,-1.0,1.6,7.77,-0.36,0.58,,,,0.22,-0.08,0.06,1e-05,,,0.99,,,17.4,-1.0,1.6
GW230729_082317,GW230729_082317-v1,1374654215.2,1,GWTC-4.0,https://doi.org/10.7935/aes8-px89,https://gwosc.org/api/v2/event-versions/GW230729_082317-v1,12.3,-2.7,7.6,7.6,-2.6,2.1,9.5,,,1630.0,-760.0,820.0,0.12,-0.13,0.22,20.3,-2.4,5.0,8.33,-0.75,0.94,,,,0.31,-0.13,0.13,0.18,,,0.95,,,19.4,-2.4,5.1
GW230728_083628,GW230728_083628-v1,1374568606.9,1,GWTC-4.0,https://doi.org/10.7935/aes8-px89,https://gwosc.org/api/v2/event-versions/GW230728_083628-v1,,,,,,,13.1,,,,,,,,,,,,,,,,,,,,,1.5,,,0.73,,,,,
GW230726_002940,GW230726_002940-v1,1374366598.1,1,GWTC-4.0,https://doi.org/10.7935/aes8-px89,https://gwosc.org/api/v2/event-versions/GW230726_002940-v1,35.6,-5.9,9.0,27.9,-6.0,6.0,10.5,,,2000.0,-1000.0,1200.0,-0.02,-0.23,0.21,63.6,-7.9,10.3,27.3,-3.4,4.4,,,,0.37,-0.17,0.18,1e-05,,,0.99,,,60.6,-7.4,9.7
GW230723_101834,GW230723_101834-v1,1374142732.4,1,GWTC-4.0,https://doi.org/10.7935/aes8-px89,https://gwosc.org/api/v2/event-versions/GW230723_101834-v1,16.7,-3.4,5.9,10.6,-2.8,2.8,10.1,,,1610.0,-890.0,690.0,-0.18,-0.17,0.2,27.5,-2.6,4.3,11.4,-0.92,1.64,,,,0.3,-0.16,0.11,0.0034,,,0.99,,,26.4,-2.6,4.2
GW230723_084820,GW230723_084820-v1,1374137318.4,1,GWTC-4.0,https://doi.org/10.7935/aes8-px89,https://gwosc.org/api/v2/event-versions/GW230723_084820-v1,,,,,,,8.4,,,,,,,,,,,,,,,,,,,,,3.8999999999999995,,,0.64,,,,,
GW230721_222634,GW230721_222634-v1,1374013612.8,1,GWTC-4.0,https://doi.org/10.7935/aes8-px89,https://gwosc.org/api/v2/event-versions/GW230721_222634-v1,,,,,,,7.9,,,,,,,,,,,,,,,,,,,,,4.1,,,0.73,,,,,
GW230717_102139,GW230717_102139-v1,1373624517.1,1,GWTC-4.0,https://doi.org/10.7935/aes8-px89,https://gwosc.org/api/v2/event-versions/GW230717_102139-v1,,,,,,,8.3,,,,,,,,,,,,,,,,,,,,,29.0,,,0.7,,,,,
GW230712_090405,GW230712_090405-v1,1373187863.9,1,GWTC-4.0,https://doi.org/10.7935/aes8-px89,https://gwosc.org/api/v2/event-versions/GW230712_090405-v1,32.0,-10.0,17.0,13.1,-5.9,14.6,9.5,,,2000.0,-1000.0,2600.0,-0.03,-0.31,0.35,46.0,-11.0,21.0,16.5,-3.2,11.1,,,,0.37,-0.17,0.36,0.018,,,0.99,,,45.0,-11.0,20.0
GW230709_122727,GW230709_122727-v1,1372940865.2,1,GWTC-4.0,https://doi.org/10.7935/aes8-px89,https://gwosc.org/api/v2/event-versions/GW230709_122727-v1,45.0,-11.0,16.0,30.0,-13.0,13.0,10.2,,,4600.0,-2400.0,3500.0,0.08,-0.31,0.3,74.0,-14.0,20.0,31.0,-6.6,9.4,,,,0.73,-0.34,0.43,0.011,,,0.99,,,71.0,-13.0,19.0
GW230709_063445,GW230709_063445-v1,1372919703.1,1,GWTC-4.0,https://doi.org/10.7935/aes8-px89,https://gwosc.org/api/v2/event-versions/GW230709_063445-v1,,,,,,,7.9,,,,,,,,,,,,,,,,,,,,,15.0,,,0.83,,,,,
GW230708_230935,GW230708_230935-v1,1372892993.5,1,GWTC-4.0,https://doi.org/10.7935/aes8-px89,https://gwosc.org/api/v2/event-versions/GW230708_230935-v1,64.0,-15.0,20.0,39.0,-15.0,14.0,10.0,,,3500.0,-1600.0,2300.0,0.01,-0.3,0.27,103.0,-16.0,21.0,42.5,-7.8,9.7,,,,0.58,-0.24,0.29,0.0037,,,0.99,,,99.0,-15.0,20.0
GW230708_071859,GW230708_071859-v1,1372835957.4,1,GWTC-4.0,https://doi.org/10.7935/aes8-px89,https://gwosc.org/api/v2/event-versions/GW230708_071859-v1,,,,,,,9.1,,,,,,,,,,,,,,,,,,,,,1.5,,,0.73,,,,,
GW230708_053705,GW230708_053705-v1,1372829843.1,1,GWTC-4.0,https://doi.org/10.7935/aes8-px89,https://gwosc.org/api/v2/event-versions/GW230708_053705-v1,29.1,-5.4,8.2,22.8,-5.4,5.5,8.9,,,3300.0,-1700.0,2000.0,0.07,-0.24,0.23,51.9,-7.6,10.2,22.2,-3.3,4.4,,,,0.55,-0.25,0.27,0.21999999999999997,,,0.99,,,49.4,-7.2,9.7
GW230707_124047,GW230707_124047-v1,1372768865.3,1,GWTC-4.0,https://doi.org/10.7935/aes8-px89,https://gwosc.org/api/v2/event-versions/GW230707_124047-v1,46.1,-8.2,12.2,36.4,-9.8,10.6,11.9,,,4500.0,-2300.0,2300.0,-0.05,-0.29,0.25,82.0,-12.0,19.0,35.1,-5.3,8.6,,,,0.71,-0.32,0.29,0.0011,,,0.99,,,78.0,-11.0,18.0
GW230706_104333,GW230706_104333-v1,1372675431.2,1,GWTC-4.0,https://doi.org/10.7935/aes8-px89,https://gwosc.org/api/v2/event-versions/GW230706_104333-v1,16.3,-3.0,5.4,11.5,-2.7,2.6,9.2,,,1930.0,-980.0,920.0,0.19,-0.14,0.13,27.9,-3.0,4.4,11.8,-1.1,1.7,,,,0.35,-0.16,0.14,0.23,,,0.98,,,26.5,-2.8,4.3
GW230704_212616,GW230704_212616-v1,1372541194.7,1,GWTC-4.0,https://doi.org/10.7935/aes8-px89,https://gwosc.org/api/v2/event-versions/GW230704_212616-v1,89.0,-27.0,42.0,49.0,-25.0,30.0,8.7,,,7200.0,-4200.0,6100.0,0.28,-0.43,0.34,139.0,-31.0,49.0,55.0,-14.0,23.0,,,,1.05,-0.54,0.68,0.51,,,0.93,,,132.0,-30.0,47.0
GW230704_021211,GW230704_021211-v1,1372471949.2,1,GWTC-4.0,https://doi.org/10.7935/aes8-px89,https://gwosc.org/api/v2/event-versions/GW230704_021211-v1,32.4,-7.9,11.9,19.9,-6.0,6.5,9.4,,,2700.0,-1500.0,1800.0,-0.01,-0.24,0.21,52.7,-8.2,10.8,21.8,-3.2,4.4,,,,0.48,-0.23,0.25,0.21,,,0.99,,,50.5,-7.9,10.6
GW230702_185453,GW230702_185453-v1,1372359311.7,1,GWTC-4.0,https://doi.org/10.7935/aes8-px89,https://gwosc.org/api/v2/event-versions/GW230702_185453-v1,40.0,-13.0,20.0,18.0,-6.5,8.5,10.1,,,2400.0,-1100.0,1900.0,0.05,-0.26,0.29,60.0,-11.0,15.0,22.9,-3.5,4.0,,,,0.43,-0.17,0.27,1e-05,,,0.99,,,57.0,-11.0,15.0
GW230702_162025,GW230702_162025-v1,1372350043.9,1,GWTC-4.0,https://doi.org/10.7935/aes8-px89,https://gwosc.org/api/v2/event-versions/GW230702_162025-v1,,,,,,,9.2,,,,,,,,,,,,,,,,,,,,,6.5,,,0.6,,,,,
GW230630_234532,GW230630_234532-v1,1372203950.4,1,GWTC-4.0,https://doi.org/10.7935/aes8-px89,https://gwosc.org/api/v2/event-versions/GW230630_234532-v1,10.0,-1.8,3.5,6.6,-1.6,1.5,9.9,,,1080.0,-480.0,520.0,-0.04,-0.08,0.16,16.8,-1.4,2.1,7.06,-0.48,0.57,,,,0.21,-0.09,0.09,0.00042,,,0.99,,,16.1,-1.4,2.1
GW230630_125806,GW230630_125806-v1,1372165104.9,1,GWTC-4.0,https://doi.org/10.7935/aes8-px89,https://gwosc.org/api/v2/event-versions/GW230630_125806-v1,51.0,-14.0,20.0,33.0,-13.0,15.0,9.0,,,5400.0,-3000.0,5100.0,0.17,-0.31,0.3,84.0,-19.0,26.0,35.0,-8.5,11.4,,,,0.83,-0.41,0.59,0.16,,,0.99,,,80.0,-18.0,25.0
GW230630_070659,GW230630_070659-v1,1372144037.0,1,GWTC-4.0,https://doi.org/10.7935/aes8-px89,https://gwosc.org/api/v2/event-versions/GW230630_070659-v1,,,,,,,9.8,,,,,,,,,,,,,,,,,,,,,0.47000000000000003,,,0.88,,,,,
GW230628_231200,GW230628_231200-v1,1372029138.4,1,GWTC-4.0,https://doi.org/10.7935/aes8-px89,https://gwosc.org/api/v2/event-versions/GW230628_231200-v1,32.5,-3.9,5.9,27.1,-5.2,4.9,16.4,,,2250.0,-1070.0,800.0,-0.01,-0.16,0.16,59.3,-4.9,8.6,25.5,-2.2,3.8,,,,0.4,-0.17,0.12,1e-05,,,0.99,,,56.5,-4.6,8.1
GW230627_015337,GW230627_015337-v1,1371866035.8,1,GWTC-4.0,https://doi.org/10.7935/aes8-px89,https://gwosc.org/api/v2/event-versions/GW230627_015337-v1,8.4,-1.3,1.7,5.79,-0.92,0.95,28.7,,,305.0,-134.0,65.0,0.02,-0.03,0.08,14.19,-0.45,0.77,6.02,-0.07,0.16,,,,0.07,-0.03,0.01,1e-05,,,0.99,,,13.54,-0.45,0.82
GW230625_211655,GW230625_211655-v1,1371763033.0,1,GWTC-4.0,https://doi.org/10.7935/aes8-px89,https://gwosc.org/api/v2/event-versions/GW230625_211655-v1,,,,,,,8.1,,,,,,,,,,,,,,,,,,,,,42.0,,,0.61,,,,,
GW230624_214944,GW230624_214944-v1,1371678602.5,1,GWTC-4.0,https://doi.org/10.7935/aes8-px89,https://gwosc.org/api/v2/event-versions/GW230624_214944-v1,,,,,,,10.6,,,,,,,,,,,,,,,,,,,,,2.2,,,0.69,,,,,
GW230624_113103,GW230624_113103-v1,1371641481.7,1,GWTC-4.0,https://doi.org/10.7935/aes8-px89,https://gwosc.org/api/v2/event-versions/GW230624_113103-v1,27.2,-6.9,13.4,16.1,-4.5,4.8,11.4,,,1940.0,-970.0,1270.0,0.17,-0.25,0.29,43.8,-6.6,11.1,18.0,-2.4,3.2,,,,0.35,-0.16,0.19,0.00017999999999999998,,,0.99,,,41.8,-6.3,10.7
GW230618_102550,GW230618_102550-v1,1371119168.0,1,GWTC-4.0,https://doi.org/10.7935/aes8-px89,https://gwosc.org/api/v2/event-versions/GW230618_102550-v1,,,,,,,7.8,,,,,,,,,,,,,,,,,,,,,49.00000000000001,,,0.59,,,,,
GW230615_160825,GW230615_160825-v1,1370880524.0,1,GWTC-4.0,https://doi.org/10.7935/aes8-px89,https://gwosc.org/api/v2/event-versions/GW230615_160825-v1,,,,,,,8.9,,,,,,,,,,,,,,,,,,,,,4.3,,,0.5,,,,,
GW230609_064958,GW230609_064958-v1,1370328616.3,1,GWTC-4.0,https://doi.org/10.7935/aes8-px89,https://gwosc.org/api/v2/event-versions/GW230609_064958-v1,35.3,-6.9,10.7,25.2,-7.5,7.5,10.6,,,3400.0,-1700.0,1900.0,-0.14,-0.27,0.22,60.3,-8.0,12.9,25.5,-3.6,5.8,,,,0.56,-0.25,0.25,0.00014,,,0.99,,,57.8,-7.7,12.2
GW230609_010824,GW230609_010824-v1,1370308122.4,1,GWTC-4.0,https://doi.org/10.7935/aes8-px89,https://gwosc.org/api/v2/event-versions/GW230609_010824-v1,,,,,,,8.0,,,,,,,,,,,,,,,,,,,,,2.8,,,0.81,,,,,
GW230608_205047,GW230608_205047-v1,1370292665.2,1,GWTC-4.0,https://doi.org/10.7935/aes8-px89,https://gwosc.org/api/v2/event-versions/GW230608_205047-v1,48.0,-11.0,13.0,31.0,-11.0,11.0,10.2,,,3500.0,-1700.0,2200.0,0.04,-0.26,0.25,79.0,-11.0,16.0,32.8,-5.4,7.3,,,,0.58,-0.26,0.29,0.0012,,,0.99,,,75.0,-11.0,15.0
GW230606_024545,GW230606_024545-v1,1370054763.5,1,GWTC-4.0,https://doi.org/10.7935/aes8-px89,https://gwosc.org/api/v2/event-versions/GW230606_024545-v1,,,,,,,7.5,,,,,,,,,,,,,,,,,,,,,3.2,,,0.88,,,,,
GW230606_004305,GW230606_004305-v1,1370047403.8,1,GWTC-4.0,https://doi.org/10.7935/aes8-px89,https://gwosc.org/api/v2/event-versions/GW230606_004305-v1,37.6,-7.6,13.4,25.8,-8.3,8.1,11.1,,,2700.0,-1400.0,1500.0,-0.11,-0.31,0.26,63.4,-8.3,13.4,26.5,-3.6,5.7,,,,0.48,-0.22,0.2,0.00041,,,0.99,,,60.7,-7.9,12.8
GW230605_065343,GW230605_065343-v1,1369983241.5,1,GWTC-4.0,https://doi.org/10.7935/aes8-px89,https://gwosc.org/api/v2/event-versions/GW230605_065343-v1,17.2,-3.5,6.5,11.1,-2.7,2.5,11.4,,,1060.0,-480.0,610.0,0.06,-0.1,0.16,28.6,-2.8,4.0,11.94,-0.94,0.96,,,,0.21,-0.09,0.1,1e-05,,,0.99,,,27.3,-2.7,4.1
GW230603_174756,GW230603_174756-v1,1369849694.9,1,GWTC-4.0,https://doi.org/10.7935/aes8-px89,https://gwosc.org/api/v2/event-versions/GW230603_174756-v1,,,,,,,8.0,,,,,,,,,,,,,,,,,,,,,8.4,,,0.73,,,,,
GW230601_224134,GW230601_224134-v1,1369694512.1,1,GWTC-4.0,https://doi.org/10.7935/aes8-px89,https://gwosc.org/api/v2/event-versions/GW230601_224134-v1,64.0,-13.0,17.0,44.0,-15.0,14.0,13.4,,,3700.0,-1800.0,2100.0,-0.03,-0.32,0.27,107.0,-15.0,22.0,45.0,-7.3,10.0,,,,0.6,-0.26,0.28,1e-05,,,0.99,,,102.0,-14.0,21.0
GW230531_141100,GW230531_141100-v1,1369577478.3,1,GWTC-4.0,https://doi.org/10.7935/aes8-px89,https://gwosc.org/api/v2/event-versions/GW230531_141100-v1,,,,,,,8.0,,,,,,,,,,,,,,,,,,,,,3.5,,,0.69,,,,,
GW230529_181500,GW230529_181500-v2,1369419318.7,2,GWTC-4.0,https://doi.org/10.7935/aes8-px89,https://gwosc.org/api/v2/event-versions/GW230529_181500-v2,3.66,-1.21,0.81,1.42,-0.22,0.6,11.8,,,202.0,-98.0,103.0,-0.1,-0.18,0.12,5.08,-0.6,0.6,1.94,-0.04,0.04,,,,0.04,-0.02,0.02,0.00022,,,0.99,,,,,
GW230518_125908,GW230518_125908-v1,1368449966.2,1,GWTC-4.0,https://doi.org/10.7935/aes8-px89,https://gwosc.org/api/v2/event-versions/GW230518_125908-v1,8.17,-0.92,0.84,1.45,-0.1,0.13,14.1,,,236.0,-96.0,108.0,-0.01,-0.11,0.09,9.61,-0.79,0.76,2.8,-0.06,0.06,,,,0.05,-0.02,0.02,1e-05,,,0.99,,,,,
GW200322_091133,GW200322_091133-v1,1268903511.3,1,GWTC-3-confident,https://doi.org/10.7935/b024-1886,https://gwosc.org/api/v2/event-versions/GW200322_091133-v1,38.0,-22.0,130.0,11.3,-6.0,24.3,4.5,-3.0,2.7,3500.0,-2200.0,12500.0,0.27,-0.58,0.54,50.0,-22.0,132.0,15.0,-4.0,29.5,,,,0.59,-0.32,1.43,140.0,,,0.61501,,,48.0,-22.0,132.0
GW200316_215756,GW200316_215756-v1,1268431094.1,1,GWTC-3-confident,https://doi.org/10.7935/b024-1886,https://gwosc.org/api/v2/event-versions/GW200316_215756-v1,13.1,-2.9,10.2,7.8,-2.9,2.0,10.3,-0.7,0.4,1120.0,-440.0,480.0,0.13,-0.1,0.27,21.2,-2.0,7.2,8.75,-0.55,0.62,,,,0.22,-0.08,0.08,1e-05,,,0.99,,,20.2,-1.9,7.4
GW200311_115853,GW200311_115853-v1,1267963151.3,1,GWTC-3-confident,https://doi.org/10.7935/b024-1886,https://gwosc.org/api/v2/event-versions/GW200311_115853-v1,34.2,-3.8,6.4,27.7,-5.9,4.1,17.8,-0.2,0.2,1170.0,-400.0,280.0,-0.02,-0.2,0.16,61.9,-4.2,5.3,26.6,-2.0,2.4,,,,0.23,-0.07,0.05,1e-05,,,0.99,,,59.0,-3.9,4.8
GW200308_173609,GW200308_173609-v1,1267724187.7,1,GWTC-3-confident,https://doi.org/10.7935/b024-1886,https://gwosc.org/api/v2/event-versions/GW200308_173609-v1,60.0,-29.0,166.0,24.0,-13.0,36.0,4.7,-2.9,2.5,7100.0,-4400.0,13900.0,0.16,-0.49,0.58,92.0,-48.0,169.0,34.0,-18.0,44.0,,,,1.04,-0.57,1.47,2.4,,,0.8566,,,88.0,-47.0,169.0
GW200306_093714,GW200306_093714-v1,1267522652.1,1,GWTC-3-confident,https://doi.org/10.7935/b024-1886,https://gwosc.org/api/v2/event-versions/GW200306_093714-v1,28.3,-7.7,17.1,14.8,-6.4,6.5,7.8,-0.6,0.4,2100.0,-1100.0,1700.0,0.32,-0.46,0.28,43.9,-7.5,11.8,17.5,-3.0,3.5,,,,0.38,-0.18,0.24,24.0,,,0.81156,,,41.7,-6.9,12.3
GW200302_015811,GW200302_015811-v1,1267149509.5,1,GWTC-3-confident,https://doi.org/10.7935/b024-1886,https://gwosc.org/api/v2/event-versions/GW200302_015811-v1,37.8,-8.5,8.7,20.0,-5.7,8.1,10.8,-0.4,0.3,1480.0,-700.0,1020.0,0.01,-0.26,0.25,57.8,-6.9,9.6,23.4,-3.0,4.7,,,,0.28,-0.12,0.16,0.11,,,0.90643,,,55.5,-6.6,8.9
GW200225_060421,GW200225_060421-v1,1266645879.3,1,GWTC-3-confident,https://doi.org/10.7935/b024-1886,https://gwosc.org/api/v2/event-versions/GW200225_060421-v1,19.3,-3.0,5.0,14.0,-3.5,2.8,12.5,-0.4,0.3,1150.0,-530.0,510.0,-0.12,-0.28,0.17,33.5,-3.0,3.6,14.2,-1.4,1.5,,,,0.22,-0.1,0.09,1.1e-05,,,0.99,,,32.1,-2.8,3.5
GW200224_222234,GW200224_222234-v1,1266618172.4,1,GWTC-3-confident,https://doi.org/10.7935/b024-1886,https://gwosc.org/api/v2/event-versions/GW200224_222234-v1,40.0,-4.5,6.7,32.7,-7.2,4.8,20.0,-0.2,0.2,1710.0,-650.0,500.0,0.1,-0.16,0.15,72.3,-5.3,7.2,31.1,-2.7,3.3,,,,0.32,-0.11,0.08,1e-05,,,0.99,,,68.7,-4.8,6.7
GW200220_124850,GW200220_124850-v1,1266238148.1,1,GWTC-3-confident,https://doi.org/10.7935/b024-1886,https://gwosc.org/api/v2/event-versions/GW200220_124850-v1,38.9,-8.6,14.1,27.9,-9.0,9.2,8.5,-0.5,0.3,4000.0,-2200.0,2800.0,-0.07,-0.33,0.27,67.0,-12.0,17.0,28.2,-5.1,7.3,,,,0.66,-0.31,0.36,30.0,,,0.82579,,,64.0,-11.0,16.0
GW200220_061928,GW200220_061928-v1,1266214786.7,1,GWTC-3-confident,https://doi.org/10.7935/b024-1886,https://gwosc.org/api/v2/event-versions/GW200220_061928-v1,87.0,-23.0,40.0,61.0,-25.0,26.0,7.2,-0.7,0.4,6000.0,-3100.0,4800.0,0.06,-0.38,0.4,148.0,-33.0,55.0,62.0,-15.0,23.0,,,,0.9,-0.4,0.55,6.8,,,0.62376,,,141.0,-31.0,51.0
GW200219_094415,GW200219_094415-v1,1266140673.1,1,GWTC-3-confident,https://doi.org/10.7935/b024-1886,https://gwosc.org/api/v2/event-versions/GW200219_094415-v1,37.5,-6.9,10.1,27.9,-8.4,7.4,10.7,-0.5,0.3,3400.0,-1500.0,1700.0,-0.08,-0.29,0.23,65.0,-8.2,12.6,27.6,-3.8,5.6,,,,0.57,-0.22,0.22,0.00099,,,0.99,,,62.2,-7.8,11.7
GW200216_220804,GW200216_220804-v1,1265926102.8,1,GWTC-3-confident,https://doi.org/10.7935/b024-1886,https://gwosc.org/api/v2/event-versions/GW200216_220804-v1,51.0,-13.0,22.0,30.0,-16.0,14.0,8.1,-0.5,0.4,3800.0,-2000.0,3000.0,0.1,-0.36,0.34,81.0,-14.0,20.0,32.9,-8.5,9.3,,,,0.63,-0.29,0.37,0.35,,,0.77277,,,78.0,-13.0,19.0
GW200210_092254,GW200210_092254-v1,1265361792.9,1,GWTC-3-confident,https://doi.org/10.7935/b024-1886,https://gwosc.org/api/v2/event-versions/GW200210_092254-v1,24.1,-4.6,7.5,2.83,-0.42,0.47,8.4,-0.7,0.5,940.0,-340.0,430.0,0.02,-0.21,0.22,27.0,-4.3,7.1,6.56,-0.4,0.38,,,,0.19,-0.06,0.08,1.2,,,0.54462,,,26.7,-4.3,7.2
GW200209_085452,GW200209_085452-v1,1265273710.1,1,GWTC-3-confident,https://doi.org/10.7935/b024-1886,https://gwosc.org/api/v2/event-versions/GW200209_085452-v1,35.6,-6.8,10.5,27.1,-7.8,7.8,9.6,-0.5,0.4,3400.0,-1800.0,1900.0,-0.12,-0.3,0.24,62.6,-9.4,13.9,26.7,-4.2,6.0,,,,0.57,-0.26,0.25,0.046,,,0.97236,,,59.9,-8.9,13.1
GW200208_222617,GW200208_222617-v1,1265235995.9,1,GWTC-3-confident,https://doi.org/10.7935/b024-1886,https://gwosc.org/api/v2/event-versions/GW200208_222617-v1,51.0,-30.0,103.0,12.3,-5.5,9.2,7.4,-1.2,1.4,4100.0,-2000.0,4400.0,0.45,-0.46,0.42,63.0,-26.0,100.0,19.8,-5.2,10.5,,,,0.66,-0.29,0.53,4.8,,,0.70006,,,61.0,-26.0,99.0
GW200208_130117,GW200208_130117-v1,1265202095.9,1,GWTC-3-confident,https://doi.org/10.7935/b024-1886,https://gwosc.org/api/v2/event-versions/GW200208_130117-v1,37.7,-6.2,9.3,27.4,-7.3,6.3,10.8,-0.4,0.3,2230.0,-850.0,1020.0,-0.07,-0.27,0.21,65.3,-6.8,8.1,27.7,-3.1,3.7,,,,0.4,-0.14,0.15,0.00031,,,0.99,,,62.5,-6.4,7.5
GW200202_154313,GW200202_154313-v1,1264693411.5,1,GWTC-3-confident,https://doi.org/10.7935/b024-1886,https://gwosc.org/api/v2/event-versions/GW200202_154313-v1,10.1,-1.4,3.5,7.3,-1.7,1.1,10.8,-0.4,0.2,410.0,-160.0,150.0,0.04,-0.06,0.13,17.58,-0.67,1.78,7.49,-0.2,0.24,,,,0.09,-0.03,0.03,1e-05,,,0.99,,,16.76,-0.66,1.87
GW200129_065458,GW200129_065458-v1,1264316116.4,1,GWTC-3-confident,https://doi.org/10.7935/b024-1886,https://gwosc.org/api/v2/event-versions/GW200129_065458-v1,34.5,-3.1,9.9,29.0,-9.3,3.3,26.8,-0.2,0.2,890.0,-370.0,260.0,0.11,-0.16,0.11,63.3,-3.4,4.5,27.2,-2.3,2.1,,,,0.18,-0.07,0.05,1e-05,,,0.99,,,60.2,-3.2,4.1
GW200128_022011,GW200128_022011-v1,1264213229.9,1,GWTC-3-confident,https://doi.org/10.7935/b024-1886,https://gwosc.org/api/v2/event-versions/GW200128_022011-v1,42.2,-8.1,11.6,32.6,-9.2,9.5,10.6,-0.4,0.3,3400.0,-1800.0,2100.0,0.12,-0.25,0.24,75.0,-12.0,17.0,32.0,-5.5,7.5,,,,0.56,-0.28,0.28,0.0043,,,0.99,,,71.0,-11.0,16.0
GW200115_042309,GW200115_042309-v2,1263097407.7,2,GWTC-3-confident,https://doi.org/10.7935/b024-1886,https://gwosc.org/api/v2/event-versions/GW200115_042309-v2,5.9,-2.5,2.0,1.44,-0.28,0.85,11.3,-0.5,0.3,290.0,-100.0,150.0,-0.15,-0.42,0.23,7.4,-1.7,1.7,2.43,-0.07,0.05,,,,0.06,-0.02,0.03,1e-05,,,0.99,,,7.2,-1.7,1.8
GW200112_155838,GW200112_155838-v1,1262879936.0,1,GWTC-3-confident,https://doi.org/10.7935/b024-1886,https://gwosc.org/api/v2/event-versions/GW200112_155838-v1,35.6,-4.5,6.7,28.3,-5.9,4.4,19.8,-0.2,0.1,1250.0,-460.0,430.0,0.06,-0.15,0.15,63.9,-4.6,5.7,27.4,-2.1,2.6,,,,0.24,-0.08,0.07,1e-05,,,0.99,,,60.8,-4.3,5.3
GW191230_180458,GW191230_180458-v1,1261764316.4,1,GWTC-3-confident,https://doi.org/10.7935/b024-1886,https://gwosc.org/api/v2/event-versions/GW191230_180458-v1,49.4,-9.6,14.0,37.0,-12.0,11.0,10.4,-0.4,0.3,4300.0,-1900.0,2100.0,-0.05,-0.31,0.26,86.0,-12.0,19.0,36.5,-5.6,8.2,,,,0.69,-0.27,0.26,0.05,,,0.96159,,,82.0,-11.0,17.0
GW191222_033537,GW191222_033537-v1,1261020955.1,1,GWTC-3-confident,https://doi.org/10.7935/b024-1886,https://gwosc.org/api/v2/event-versions/GW191222_033537-v1,45.1,-8.0,10.9,34.7,-10.5,9.3,12.5,-0.3,0.2,3000.0,-1700.0,1700.0,-0.04,-0.25,0.2,79.0,-11.0,16.0,33.8,-5.0,7.1,,,,0.51,-0.26,0.23,1e-05,,,0.99,,,75.5,-9.9,15.3
GW191219_163120,GW191219_163120-v1,1260808298.4,1,GWTC-3-confident,https://doi.org/10.7935/b024-1886,https://gwosc.org/api/v2/event-versions/GW191219_163120-v1,31.1,-2.8,2.2,1.17,-0.06,0.07,9.1,-0.8,0.5,550.0,-160.0,240.0,0.0,-0.09,0.07,32.3,-2.7,2.2,4.31,-0.17,0.12,,,,0.11,-0.03,0.05,4.0,,,0.8224,,,32.2,-2.7,2.2
GW191216_213338,GW191216_213338-v1,1260567236.4,1,GWTC-3-confident,https://doi.org/10.7935/b024-1886,https://gwosc.org/api/v2/event-versions/GW191216_213338-v1,12.1,-2.2,4.6,7.7,-1.9,1.6,18.6,-0.2,0.2,340.0,-130.0,120.0,0.11,-0.06,0.13,19.8,-0.93,2.7,8.33,-0.19,0.22,,,,0.07,-0.03,0.02,1e-05,,,0.99,,,18.87,-0.93,2.81
GW191215_223052,GW191215_223052-v1,1260484270.3,1,GWTC-3-confident,https://doi.org/10.7935/b024-1886,https://gwosc.org/api/v2/event-versions/GW191215_223052-v1,24.9,-4.1,7.1,18.1,-4.1,3.8,11.2,-0.4,0.3,1930.0,-860.0,890.0,-0.04,-0.21,0.17,43.3,-4.3,5.3,18.4,-1.7,2.2,,,,0.35,-0.14,0.13,1e-05,,,0.99,,,41.4,-4.1,5.1
GW191204_171526,GW191204_171526-v1,1259514944.0,1,GWTC-3-confident,https://doi.org/10.7935/b024-1886,https://gwosc.org/api/v2/event-versions/GW191204_171526-v1,11.7,-1.7,3.3,8.4,-1.7,1.3,17.4,-0.3,0.2,640.0,-260.0,200.0,0.16,-0.05,0.08,20.19,-0.95,1.64,8.56,-0.28,0.41,,,,0.13,-0.05,0.04,1e-05,,,0.99,,,19.18,-0.93,1.71
GW191204_110529,GW191204_110529-v1,1259492747.5,1,GWTC-3-confident,https://doi.org/10.7935/b024-1886,https://gwosc.org/api/v2/event-versions/GW191204_110529-v1,27.3,-5.9,10.8,19.2,-6.0,5.5,8.9,-0.6,0.4,1900.0,-1100.0,1700.0,0.05,-0.26,0.25,47.1,-7.8,9.1,19.8,-3.2,3.6,,,,0.34,-0.18,0.25,3.3,,,0.74239,,,45.0,-7.5,8.7
GW191129_134029,GW191129_134029-v1,1259070047.1,1,GWTC-3-confident,https://doi.org/10.7935/b024-1886,https://gwosc.org/api/v2/event-versions/GW191129_134029-v1,10.7,-2.1,4.1,6.7,-1.7,1.5,13.1,-0.3,0.2,790.0,-330.0,260.0,0.06,-0.08,0.16,17.5,-1.2,2.4,7.31,-0.28,0.43,,,,0.16,-0.06,0.05,1e-05,,,0.99,,,16.8,-1.2,2.5
GW191127_050227,GW191127_050227-v1,1258866165.5,1,GWTC-3-confident,https://doi.org/10.7935/b024-1886,https://gwosc.org/api/v2/event-versions/GW191127_050227-v1,53.0,-20.0,47.0,24.0,-14.0,17.0,9.2,-0.6,0.7,3400.0,-1900.0,3100.0,0.18,-0.36,0.34,80.0,-22.0,39.0,29.9,-9.1,11.7,,,,0.57,-0.29,0.4,0.25,,,0.73996,,,76.0,-21.0,39.0
GW191126_115259,GW191126_115259-v1,1258804397.6,1,GWTC-3-confident,https://doi.org/10.7935/b024-1886,https://gwosc.org/api/v2/event-versions/GW191126_115259-v1,12.1,-2.2,5.5,8.3,-2.4,1.9,8.3,-0.5,0.2,1620.0,-740.0,740.0,0.21,-0.11,0.15,20.7,-2.0,3.4,8.65,-0.71,0.95,,,,0.3,-0.13,0.12,3.2,,,0.70041,,,19.6,-2.0,3.5
GW191113_071753,GW191113_071753-v1,1257664691.8,1,GWTC-3-confident,https://doi.org/10.7935/b024-1886,https://gwosc.org/api/v2/event-versions/GW191113_071753-v1,29.0,-14.0,12.0,5.9,-1.3,4.4,7.9,-1.1,0.5,1370.0,-620.0,1150.0,0.0,-0.29,0.37,34.5,-9.8,10.5,10.7,-1.0,1.1,,,,0.26,-0.11,0.18,26.0,,,0.68339,,,34.0,-10.0,11.0
GW191109_010717,GW191109_010717-v1,1257296855.2,1,GWTC-3-confident,https://doi.org/10.7935/b024-1886,https://gwosc.org/api/v2/event-versions/GW191109_010717-v1,65.0,-11.0,11.0,47.0,-13.0,15.0,17.3,-0.5,0.5,1290.0,-650.0,1130.0,-0.29,-0.31,0.42,112.0,-16.0,20.0,47.5,-7.5,9.6,,,,0.25,-0.12,0.18,0.00018,,,0.99,,,107.0,-15.0,18.0
GW191105_143521,GW191105_143521-v1,1256999739.9,1,GWTC-3-confident,https://doi.org/10.7935/b024-1886,https://gwosc.org/api/v2/event-versions/GW191105_143521-v1,10.7,-1.6,3.7,7.7,-1.9,1.4,9.7,-0.5,0.3,1150.0,-480.0,430.0,-0.02,-0.09,0.13,18.5,-1.3,2.1,7.82,-0.45,0.61,,,,0.23,-0.09,0.07,0.012,,,0.99,,,17.6,-1.2,2.1
GW191103_012549,GW191103_012549-v1,1256779567.5,1,GWTC-3-confident,https://doi.org/10.7935/b024-1886,https://gwosc.org/api/v2/event-versions/GW191103_012549-v1,11.8,-2.2,6.2,7.9,-2.4,1.7,8.9,-0.5,0.3,990.0,-470.0,500.0,0.21,-0.1,0.16,20.0,-1.8,3.7,8.34,-0.57,0.66,,,,0.2,-0.09,0.09,0.46,,,0.94318,,,19.0,-1.7,3.8
GW190930_133541,GW190930_133541-v2,1253885759.2,2,GWTC-2.1-confident,https://doi.org/10.7935/qf3a-3z67,https://gwosc.org/api/v2/event-versions/GW190930_133541-v2,14.2,-4.0,8.0,6.9,-2.1,2.4,9.7,-0.5,0.3,770.0,-320.0,320.0,0.19,-0.16,0.22,21.2,-2.0,5.9,8.5,-0.4,0.5,,,,0.16,-0.06,0.06,0.012,,,0.99785,,,20.2,-2.0,6.1
GW190929_012149,GW190929_012149-v2,1253755327.4,2,GWTC-2.1-confident,https://doi.org/10.7935/qf3a-3z67,https://gwosc.org/api/v2/event-versions/GW190929_012149-v2,66.3,-16.6,21.6,26.8,-10.6,14.7,9.7,-0.6,0.4,3130.0,-1370.0,2510.0,-0.03,-0.28,0.23,93.3,-15.0,23.3,35.6,-7.4,10.2,,,,0.53,-0.2,0.33,0.16,,,0.87042,,,90.3,-14.6,22.3
GW190926_050336,GW190926_050336-v1,1253509434.0,1,GWTC-2.1-confident,https://doi.org/10.7935/qf3a-3z67,https://gwosc.org/api/v2/event-versions/GW190926_050336-v1,41.1,-12.5,20.8,20.4,-8.2,11.4,8.1,-0.8,0.6,3280.0,-1730.0,3400.0,-0.02,-0.32,0.25,61.9,-12.0,22.7,24.4,-4.9,9.0,,,,0.55,-0.26,0.44,1.1,,,0.54334,,,59.6,-11.8,22.1
GW190925_232845,GW190925_232845-v1,1253489343.1,1,GWTC-2.1-confident,https://doi.org/10.7935/qf3a-3z67,https://gwosc.org/api/v2/event-versions/GW190925_232845-v1,20.8,-2.9,6.5,15.5,-3.6,2.5,9.7,-0.6,0.3,930.0,-350.0,460.0,0.09,-0.15,0.16,36.7,-2.8,3.6,15.6,-1.1,1.1,,,,0.19,-0.07,0.08,0.0072,,,0.98849,,,34.9,-2.6,3.5
GW190924_021846,GW190924_021846-v2,1253326744.8,2,GWTC-2.1-confident,https://doi.org/10.7935/qf3a-3z67,https://gwosc.org/api/v2/event-versions/GW190924_021846-v2,8.8,-1.8,4.3,5.1,-1.5,1.2,12.0,-0.4,0.3,550.0,-220.0,220.0,0.03,-0.08,0.2,13.9,-0.9,2.8,5.8,-0.2,0.2,,,,0.11,-0.04,0.04,1e-05,,,1.0,,,13.3,-0.9,3.0
GW190917_114630,GW190917_114630-v1,1252756008.0,1,GWTC-2.1-confident,https://doi.org/10.7935/qf3a-3z67,https://gwosc.org/api/v2/event-versions/GW190917_114630-v1,9.7,-3.9,3.4,2.1,-0.4,1.1,8.3,-0.8,0.5,720.0,-310.0,300.0,-0.08,-0.43,0.21,11.8,-2.8,3.0,3.7,-0.2,0.2,,,,0.15,-0.06,0.05,0.66,,,0.76643,,,11.6,-2.9,3.1
GW190916_200658,GW190916_200658-v1,1252699636.9,1,GWTC-2.1-confident,https://doi.org/10.7935/qf3a-3z67,https://gwosc.org/api/v2/event-versions/GW190916_200658-v1,43.8,-12.6,19.9,23.3,-10.0,12.5,8.1,-0.5,0.3,4940.0,-2380.0,3710.0,0.2,-0.31,0.33,68.0,-13.1,18.3,26.9,-5.4,8.2,,,,0.77,-0.32,0.45,4.7,,,0.65727,,,65.0,-12.6,17.3
GW190915_235702,GW190915_235702-v2,1252627040.6,2,GWTC-2.1-confident,https://doi.org/10.7935/qf3a-3z67,https://gwosc.org/api/v2/event-versions/GW190915_235702-v2,32.6,-4.9,8.8,24.5,-5.8,4.9,13.1,-0.3,0.2,1750.0,-650.0,710.0,-0.03,-0.24,0.19,57.2,-5.3,7.1,24.4,-2.3,3.0,,,,0.32,-0.11,0.11,1e-05,,,1.0,,,54.7,-5.0,6.6
GW190910_112807,GW190910_112807-v2,1252150105.3,2,GWTC-2.1-confident,https://doi.org/10.7935/qf3a-3z67,https://gwosc.org/api/v2/event-versions/GW190910_112807-v2,43.8,-6.8,7.6,34.2,-7.3,6.6,14.5,-0.3,0.2,1520.0,-630.0,1090.0,0.0,-0.2,0.17,78.0,-9.1,9.3,33.5,-4.1,4.2,,,,0.29,-0.11,0.17,0.0029,,,0.99669,,,74.4,-8.6,8.5
GW190828_065509,GW190828_065509-v2,1251010527.8,2,GWTC-2.1-confident,https://doi.org/10.7935/qf3a-3z67,https://gwosc.org/api/v2/event-versions/GW190828_065509-v2,23.7,-6.7,6.8,10.4,-2.2,3.8,10.2,-0.5,0.4,1540.0,-650.0,690.0,0.05,-0.17,0.16,34.3,-4.3,5.2,13.4,-1.0,1.4,,,,0.29,-0.11,0.11,3.5e-05,,,0.99998,,,33.0,-4.3,5.3
GW190828_063405,GW190828_063405-v2,1251009263.7,2,GWTC-2.1-confident,https://doi.org/10.7935/qf3a-3z67,https://gwosc.org/api/v2/event-versions/GW190828_063405-v2,31.9,-4.1,5.4,25.8,-5.3,4.9,16.5,-0.3,0.2,2070.0,-920.0,650.0,0.15,-0.16,0.15,57.2,-4.3,7.9,24.6,-2.0,3.6,,,,0.38,-0.15,0.1,1e-05,,,1.0,,,54.3,-4.0,7.3
GW190814,GW190814_211039-v3,1249852257.0,3,GWTC-2.1-confident,https://doi.org/10.7935/qf3a-3z67,https://gwosc.org/api/v2/event-versions/GW190814-v3,23.3,-1.4,1.4,2.6,-0.1,0.1,25.3,-0.2,0.1,230.0,-50.0,40.0,0.0,-0.07,0.07,25.9,-1.3,1.3,6.11,-0.05,0.06,,,,0.05,-0.01,0.01,1e-05,,,1.0,,,25.7,-1.3,1.3
GW190805_211137,GW190805_211137-v1,1249074715.3,1,GWTC-2.1-confident,https://doi.org/10.7935/qf3a-3z67,https://gwosc.org/api/v2/event-versions/GW190805_211137-v1,46.2,-11.2,15.4,30.6,-11.3,11.8,8.1,-0.7,0.5,6130.0,-3080.0,3720.0,0.37,-0.39,0.29,76.7,-13.8,19.5,31.9,-6.3,8.8,,,,0.92,-0.4,0.43,0.63,,,0.95372,,,72.4,-13.2,18.2
GW190803_022701,GW190803_022701-v2,1248834439.8,2,GWTC-2.1-confident,https://doi.org/10.7935/qf3a-3z67,https://gwosc.org/api/v2/event-versions/GW190803_022701-v2,37.7,-6.7,9.8,27.6,-8.5,7.6,9.3,-0.5,0.3,3190.0,-1470.0,1630.0,-0.01,-0.28,0.23,65.0,-8.1,12.0,27.6,-3.8,5.4,,,,0.54,-0.22,0.22,0.073,,,0.97383,,,62.1,-7.6,11.2
GW190731_140936,GW190731_140936-v2,1248617394.6,2,GWTC-2.1-confident,https://doi.org/10.7935/qf3a-3z67,https://gwosc.org/api/v2/event-versions/GW190731_140936-v2,41.8,-9.1,12.7,29.0,-9.9,10.2,8.8,-0.4,0.3,3330.0,-1770.0,2350.0,0.07,-0.25,0.28,70.7,-11.4,16.3,29.7,-5.3,7.4,,,,0.56,-0.26,0.31,0.33,,,0.83427,,,67.4,-10.8,15.3
GW190728_064510,GW190728_064510-v2,1248331528.5,2,GWTC-2.1-confident,https://doi.org/10.7935/qf3a-3z67,https://gwosc.org/api/v2/event-versions/GW190728_064510-v2,12.5,-2.3,6.9,8.0,-2.6,1.7,13.1,-0.4,0.3,880.0,-380.0,260.0,0.13,-0.07,0.19,20.7,-1.4,4.2,8.6,-0.3,0.6,,,,0.18,-0.07,0.05,1e-05,,,1.0,,,19.7,-1.4,4.4
GW190727_060333,GW190727_060333-v2,1248242631.9,2,GWTC-2.1-confident,https://doi.org/10.7935/qf3a-3z67,https://gwosc.org/api/v2/event-versions/GW190727_060333-v2,38.9,-6.0,8.9,30.2,-8.3,6.5,11.7,-0.5,0.2,3070.0,-1230.0,1300.0,0.09,-0.27,0.25,68.8,-7.8,10.2,29.4,-3.7,4.6,,,,0.52,-0.18,0.18,1e-05,,,1.0,,,65.4,-7.3,9.5
GW190725_174728,GW190725_174728-v1,1248112066.4,1,GWTC-2.1-confident,https://doi.org/10.7935/qf3a-3z67,https://gwosc.org/api/v2/event-versions/GW190725_174728-v1,11.8,-3.0,10.1,6.3,-2.5,2.1,9.1,-0.7,0.4,1030.0,-430.0,520.0,-0.04,-0.16,0.36,18.3,-1.9,7.4,7.4,-0.5,0.5,,,,0.2,-0.08,0.09,0.46,,,0.96021,,,17.6,-1.8,7.7
GW190720_000836,GW190720_000836-v2,1247616534.7,2,GWTC-2.1-confident,https://doi.org/10.7935/qf3a-3z67,https://gwosc.org/api/v2/event-versions/GW190720_000836-v2,14.2,-3.3,5.6,7.5,-1.8,2.2,10.9,-0.8,0.3,770.0,-260.0,650.0,0.19,-0.11,0.14,21.8,-2.0,3.8,9.0,-0.8,0.4,,,,0.16,-0.05,0.11,1e-05,,,1.0,,,20.8,-2.0,3.9
GW190719_215514,GW190719_215514-v2,1247608532.9,2,GWTC-2.1-confident,https://doi.org/10.7935/qf3a-3z67,https://gwosc.org/api/v2/event-versions/GW190719_215514-v2,36.6,-11.1,42.1,19.9,-9.3,10.0,7.9,-0.7,0.3,3730.0,-2070.0,3120.0,0.25,-0.32,0.33,57.2,-11.6,38.4,22.8,-4.3,8.3,,,,0.61,-0.3,0.39,0.63,,,0.91976,,,54.5,-11.1,38.3
GW190708_232457,GW190708_232457-v2,1246663515.3,2,GWTC-2.1-confident,https://doi.org/10.7935/qf3a-3z67,https://gwosc.org/api/v2/event-versions/GW190708_232457-v2,19.8,-4.3,4.3,11.6,-2.0,3.1,13.4,-0.3,0.2,930.0,-390.0,310.0,0.05,-0.1,0.1,31.4,-2.2,2.8,13.1,-0.6,0.9,,,,0.19,-0.07,0.06,0.00031,,,0.99965,,,30.1,-2.1,2.9
GW190707_093326,GW190707_093326-v2,1246527224.1,2,GWTC-2.1-confident,https://doi.org/10.7935/qf3a-3z67,https://gwosc.org/api/v2/event-versions/GW190707_093326-v2,12.1,-2.0,2.6,7.9,-1.3,1.6,13.1,-0.4,0.2,850.0,-400.0,340.0,-0.04,-0.09,0.1,20.1,-1.2,1.7,8.4,-0.4,0.6,,,,0.17,-0.08,0.06,1e-05,,,1.0,,,19.2,-1.2,1.7
GW190706_222641,GW190706_222641-v2,1246487219.3,2,GWTC-2.1-confident,https://doi.org/10.7935/qf3a-3z67,https://gwosc.org/api/v2/event-versions/GW190706_222641-v2,74.0,-16.9,20.1,39.4,-15.4,18.4,13.4,-0.4,0.2,3630.0,-2000.0,2600.0,0.28,-0.31,0.25,112.6,-16.8,27.4,45.6,-9.1,13.0,,,,0.6,-0.29,0.33,5e-05,,,1.0,,,107.3,-15.9,25.2
GW190701_203306,GW190701_203306-v2,1246048404.5,2,GWTC-2.1-confident,https://doi.org/10.7935/qf3a-3z67,https://gwosc.org/api/v2/event-versions/GW190701_203306-v2,54.1,-8.0,12.6,40.5,-12.1,8.7,11.2,-0.4,0.2,2090.0,-740.0,770.0,-0.08,-0.31,0.23,94.3,-9.5,12.0,40.2,-5.0,5.4,,,,0.38,-0.12,0.11,0.0057,,,0.99986,,,90.2,-8.9,11.2
GW190630_185205,GW190630_185205-v2,1245955943.1,2,GWTC-2.1-confident,https://doi.org/10.7935/qf3a-3z67,https://gwosc.org/api/v2/event-versions/GW190630_185205-v2,35.1,-5.5,6.5,24.0,-5.2,5.5,16.4,-0.3,0.2,870.0,-360.0,530.0,0.1,-0.13,0.14,59.4,-4.8,4.7,25.1,-2.1,2.2,,,,0.18,-0.07,0.09,1e-05,,,1.0,,,56.6,-4.5,4.4
GW190620_030421,GW190620_030421-v2,1245035079.3,2,GWTC-2.1-confident,https://doi.org/10.7935/qf3a-3z67,https://gwosc.org/api/v2/event-versions/GW190620_030421-v2,58.0,-13.3,19.2,35.0,-14.5,13.1,12.1,-0.4,0.3,2910.0,-1320.0,1710.0,0.34,-0.29,0.22,92.7,-13.2,18.5,38.1,-7.2,8.5,,,,0.5,-0.2,0.23,0.011,,,0.98748,,,88.0,-12.4,17.2
GW190602_175927,GW190602_175927-v2,1243533585.0,2,GWTC-2.1-confident,https://doi.org/10.7935/qf3a-3z67,https://gwosc.org/api/v2/event-versions/GW190602_175927-v2,71.8,-14.6,18.1,44.8,-19.6,15.5,13.2,-0.3,0.2,2840.0,-1280.0,1930.0,0.12,-0.28,0.25,115.6,-14.8,19.2,48.0,-9.7,9.5,,,,0.49,-0.2,0.26,1e-05,,,1.0,,,110.5,-13.9,17.9
GW190527_092055,GW190527_092055-v2,1242984073.7,2,GWTC-2.1-confident,https://doi.org/10.7935/qf3a-3z67,https://gwosc.org/api/v2/event-versions/GW190527_092055-v2,35.6,-8.0,18.7,22.2,-8.7,9.0,8.0,-0.9,0.4,2520.0,-1230.0,2080.0,0.1,-0.22,0.22,58.1,-8.8,18.1,23.9,-3.9,6.8,,,,0.44,-0.19,0.29,0.23,,,0.84784,,,55.5,-8.5,17.9
GW190521_074359,GW190521_074359-v2,1242459857.4,2,GWTC-2.1-confident,https://doi.org/10.7935/qf3a-3z67,https://gwosc.org/api/v2/event-versions/GW190521_074359-v2,43.4,-5.5,5.8,33.4,-6.8,5.2,25.9,-0.2,0.1,1080.0,-530.0,580.0,0.1,-0.13,0.13,76.3,-5.9,7.0,32.8,-2.8,3.2,,,,0.21,-0.1,0.1,1e-05,,,1.0,,,72.6,-5.4,6.5
GW190521,GW190521_030229-v4,1242442967.4,4,GWTC-2.1-confident,https://doi.org/10.7935/qf3a-3z67,https://gwosc.org/api/v2/event-versions/GW190521-v4,98.4,-21.7,33.6,57.2,-30.1,27.1,14.3,-0.4,0.5,3310.0,-1800.0,2790.0,-0.14,-0.45,0.5,153.1,-16.2,42.2,63.3,-14.6,19.6,,,,0.56,-0.27,0.36,0.0013,,,0.99989,,,147.4,-16.0,40.0
GW190519_153544,GW190519_153544-v2,1242315362.3,2,GWTC-2.1-confident,https://doi.org/10.7935/qf3a-3z67,https://gwosc.org/api/v2/event-versions/GW190519_153544-v2,65.1,-11.0,10.8,40.8,-12.7,11.5,15.9,-0.3,0.2,2600.0,-960.0,1720.0,0.33,-0.24,0.2,105.6,-13.9,14.4,44.3,-7.5,6.8,,,,0.45,-0.15,0.24,1e-05,,,1.0,,,100.0,-12.9,13.0
GW190517_055101,GW190517_055101-v2,1242107479.8,2,GWTC-2.1-confident,https://doi.org/10.7935/qf3a-3z67,https://gwosc.org/api/v2/event-versions/GW190517_055101-v2,39.2,-9.2,13.9,24.0,-7.9,7.4,10.8,-0.6,0.5,1790.0,-880.0,1750.0,0.49,-0.28,0.21,64.1,-9.8,9.9,26.5,-4.2,4.0,,,,0.33,-0.15,0.26,0.00035,,,1.0,,,60.1,-9.4,9.9
GW190514_065416,GW190514_065416-v2,1241852074.8,2,GWTC-2.1-confident,https://doi.org/10.7935/qf3a-3z67,https://gwosc.org/api/v2/event-versions/GW190514_065416-v2,40.9,-9.3,17.3,28.4,-10.1,10.0,8.0,-0.6,0.3,3890.0,-2070.0,2610.0,-0.08,-0.35,0.29,69.3,-12.1,19.8,29.1,-5.4,8.1,,,,0.64,-0.3,0.33,2.8,,,0.76021,,,66.4,-11.5,19.0
GW190513_205428,GW190513_205428-v2,1241816086.7,2,GWTC-2.1-confident,https://doi.org/10.7935/qf3a-3z67,https://gwosc.org/api/v2/event-versions/GW190513_205428-v2,36.0,-9.7,10.6,18.3,-4.7,7.4,12.5,-0.4,0.3,2210.0,-810.0,990.0,0.16,-0.22,0.29,54.4,-6.7,9.3,21.8,-2.2,3.8,,,,0.4,-0.13,0.14,1.3e-05,,,0.99998,,,52.1,-6.6,8.8
GW190512_180714,GW190512_180714-v2,1241719652.4,2,GWTC-2.1-confident,https://doi.org/10.7935/qf3a-3z67,https://gwosc.org/api/v2/event-versions/GW190512_180714-v2,23.2,-5.6,5.6,12.5,-2.6,3.5,12.7,-0.4,0.3,1460.0,-590.0,510.0,0.02,-0.14,0.13,35.8,-3.5,4.1,14.6,-0.9,1.4,,,,0.28,-0.1,0.08,1e-05,,,1.0,,,34.3,-3.4,4.1
GW190503_185404,GW190503_185404-v2,1240944862.2,2,GWTC-2.1-confident,https://doi.org/10.7935/qf3a-3z67,https://gwosc.org/api/v2/event-versions/GW190503_185404-v2,41.3,-7.7,10.3,28.3,-9.2,7.5,12.2,-0.4,0.2,1520.0,-600.0,630.0,-0.05,-0.3,0.23,69.4,-8.6,10.1,29.3,-4.4,4.5,,,,0.29,-0.1,0.1,1e-05,,,1.0,,,66.5,-7.9,9.4
GW190426_190642,GW190426_190642-v1,1240340820.6,1,GWTC-2.1-confident,https://doi.org/10.7935/qf3a-3z67,https://gwosc.org/api/v2/event-versions/GW190426_190642-v1,105.5,-24.1,45.3,76.0,-36.5,26.2,8.7,-0.6,0.4,4580.0,-2280.0,3400.0,0.23,-0.41,0.42,182.3,-35.7,40.2,76.0,-17.4,19.1,,,,0.73,-0.32,0.41,4.1,,,0.75053,,,172.9,-33.6,37.7
GW190425,GW190425_081805-v3,1240215503.0,3,GWTC-2.1-confident,https://doi.org/10.7935/qf3a-3z67,https://gwosc.org/api/v2/event-versions/GW190425-v3,2.1,-0.4,0.5,1.3,-0.2,0.3,12.4,-0.4,0.4,150.0,-60.0,80.0,0.07,-0.05,0.07,3.4,-0.1,0.3,1.44,-0.02,0.02,,,,0.03,-0.01,0.02,0.034,,,0.78349,,,,,
GW190421_213856,GW190421_213856-v2,1239917954.2,2,GWTC-2.1-confident,https://doi.org/10.7935/qf3a-3z67,https://gwosc.org/api/v2/event-versions/GW190421_213856-v2,42.0,-7.4,10.1,32.0,-9.8,8.3,10.7,-0.4,0.2,2590.0,-1240.0,1490.0,-0.1,-0.27,0.21,73.6,-9.5,13.2,31.4,-4.6,6.0,,,,0.45,-0.19,0.21,0.0028,,,0.99792,,,70.5,-9.0,12.4
GW190413_134308,GW190413_134308-v2,1239198206.7,2,GWTC-2.1-confident,https://doi.org/10.7935/qf3a-3z67,https://gwosc.org/api/v2/event-versions/GW190413_134308-v2,51.3,-12.6,16.6,30.4,-12.7,11.7,10.6,-0.5,0.4,3800.0,-1830.0,2480.0,-0.01,-0.38,0.28,81.3,-11.8,16.8,33.3,-6.3,7.8,,,,0.62,-0.26,0.32,0.18,,,0.99058,,,78.0,-11.5,16.1
GW190413_052954,GW190413_052954-v2,1239168612.5,2,GWTC-2.1-confident,https://doi.org/10.7935/qf3a-3z67,https://gwosc.org/api/v2/event-versions/GW190413_052954-v2,33.7,-6.4,10.4,24.2,-7.0,6.5,9.0,-0.8,0.4,3320.0,-1400.0,1910.0,-0.04,-0.32,0.27,58.0,-7.8,10.6,24.5,-3.4,4.6,,,,0.56,-0.21,0.25,0.82,,,0.9275,,,55.5,-7.3,10.1
GW190412,GW190412_053044-v4,1239082262.1,4,GWTC-2.1-confident,https://doi.org/10.7935/qf3a-3z67,https://gwosc.org/api/v2/event-versions/GW190412-v4,27.7,-6.0,6.0,9.0,-1.4,2.0,19.8,-0.3,0.2,720.0,-220.0,240.0,0.21,-0.13,0.12,36.8,-4.4,4.7,13.3,-0.5,0.5,,,,0.15,-0.04,0.04,1e-05,,,1.0,,,35.6,-4.5,4.8
GW190408_181802,GW190408_181802-v2,1238782700.2,2,GWTC-2.1-confident,https://doi.org/10.7935/qf3a-3z67,https://gwosc.org/api/v2/event-versions/GW190408_181802-v2,24.8,-3.5,5.4,18.5,-4.0,3.3,14.6,-0.3,0.2,1540.0,-620.0,440.0,-0.03,-0.17,0.13,43.4,-3.0,4.2,18.5,-1.2,1.9,,,,0.29,-0.11,0.07,1e-05,,,1.0,,,41.4,-2.9,3.9
GW190403_051519,GW190403_051519-v1,1238303737.2,1,GWTC-2.1-confident,https://doi.org/10.7935/qf3a-3z67,https://gwosc.org/api/v2/event-versions/GW190403_051519-v1,85.0,-33.0,27.8,20.0,-8.4,26.3,7.6,-1.1,0.6,8280.0,-4290.0,6720.0,0.68,-0.43,0.16,106.6,-23.6,26.7,34.0,-8.4,15.1,,,,1.18,-0.53,0.73,7.7,,,0.60924,,,102.2,-24.3,26.3
GW170823,GW170823-v2,1187529256.5,2,GWTC-2.1-confident,https://doi.org/10.7935/qf3a-3z67,https://gwosc.org/api/v2/event-versions/GW170823-v2,38.3,-6.2,9.5,29.0,-7.8,6.5,12.2,-0.3,0.2,1970.0,-930.0,840.0,0.05,-0.22,0.21,67.0,-7.2,10.3,28.6,-3.3,4.5,,,,0.36,-0.15,0.13,,,,,,,63.9,-6.8,9.6
GW170818,GW170818-v2,1187058327.1,2,GWTC-2.1-confident,https://doi.org/10.7935/qf3a-3z67,https://gwosc.org/api/v2/event-versions/GW170818-v2,34.8,-4.2,6.5,27.6,-5.1,4.1,12.0,-0.4,0.3,1080.0,-410.0,430.0,-0.06,-0.22,0.19,62.5,-4.6,5.3,26.8,-2.0,2.3,,,,0.21,-0.07,0.07,,,,,,,59.7,-4.2,4.9
GW170817,GW170817-v3,1187008882.4,3,GWTC-1-confident,https://doi.org/10.7935/82H3-HH23,https://gwosc.org/api/v2/event-versions/GW170817-v3,1.46,-0.1,0.12,1.27,-0.09,0.09,33.0,,,40.0,-15.0,7.0,0.0,-0.01,0.02,,,,1.186,-0.001,0.001,,,,0.01,0.0,0.0,1e-07,,,1.0,,,2.8,,
GW170814,GW170814-v4,1186741861.5,4,GWTC-2.1-confident,https://doi.org/10.7935/qf3a-3z67,https://gwosc.org/api/v2/event-versions/GW170814-v4,30.9,-3.3,5.4,24.9,-4.0,3.0,17.7,-0.3,0.2,610.0,-230.0,160.0,0.08,-0.12,0.13,56.0,-3.0,3.5,24.1,-1.2,1.4,,,,0.13,-0.05,0.03,,,,,,,53.2,-2.7,3.2
GW170809,GW170809-v2,1186302519.8,2,GWTC-2.1-confident,https://doi.org/10.7935/qf3a-3z67,https://gwosc.org/api/v2/event-versions/GW170809-v2,34.1,-5.3,8.0,24.2,-5.3,4.8,12.8,-0.3,0.2,1070.0,-380.0,310.0,0.07,-0.17,0.17,58.5,-3.9,5.3,24.8,-1.6,2.2,,,,0.21,-0.07,0.05,,,,,,,55.7,-3.6,5.0
GW170729,GW170729-v2,1185389807.3,2,GWTC-2.1-confident,https://doi.org/10.7935/qf3a-3z67,https://gwosc.org/api/v2/event-versions/GW170729-v2,54.7,-12.8,12.7,30.2,-10.2,11.9,10.7,-0.5,0.4,2490.0,-1230.0,1690.0,0.29,-0.33,0.25,84.4,-10.9,15.0,34.6,-5.7,7.0,,,,0.44,-0.19,0.24,,,,,,,80.3,-10.2,13.5
GW170608,GW170608-v4,1180922494.5,4,GWTC-2.1-confident,https://doi.org/10.7935/qf3a-3z67,https://gwosc.org/api/v2/event-versions/GW170608-v4,10.6,-1.4,4.0,7.8,-1.9,1.2,15.3,-0.3,0.2,340.0,-130.0,120.0,0.05,-0.05,0.13,18.5,-0.6,2.0,7.9,-0.2,0.2,,,,0.07,-0.03,0.03,,,,,,,17.7,-0.6,2.1
GW170104,GW170104-v3,1167559936.6,3,GWTC-2.1-confident,https://doi.org/10.7935/qf3a-3z67,https://gwosc.org/api/v2/event-versions/GW170104-v3,28.7,-4.2,6.6,20.8,-4.7,4.1,13.8,-0.3,0.2,1110.0,-480.0,390.0,-0.04,-0.19,0.15,49.6,-3.6,4.7,21.1,-1.5,2.0,,,,0.22,-0.09,0.07,,,,,,,47.5,-3.4,4.5
GW151226,GW151226-v3,1135136350.6,3,GWTC-2.1-confident,https://doi.org/10.7935/qf3a-3z67,https://gwosc.org/api/v2/event-versions/GW151226-v3,14.2,-3.6,11.1,7.5,-2.8,2.4,12.7,-0.4,0.3,460.0,-200.0,160.0,0.2,-0.08,0.23,21.7,-1.6,8.3,8.9,-0.3,0.3,,,,0.1,-0.04,0.03,,,,,,,20.7,-1.6,8.6
GW151012,GW151012-v4,1128678900.4,4,GWTC-2.1-confident,https://doi.org/10.7935/qf3a-3z67,https://gwosc.org/api/v2/event-versions/GW151012-v4,24.8,-6.3,14.5,13.6,-4.9,4.5,9.3,-0.5,0.3,1000.0,-490.0,640.0,0.12,-0.21,0.28,38.8,-4.7,10.3,15.6,-1.5,2.3,,,,0.2,-0.09,0.11,,,,,,,37.1,-4.6,10.6
GW150914,GW150914-v4,1126259462.4,4,GWTC-2.1-confident,https://doi.org/10.7935/qf3a-3z67,https://gwosc.org/api/v2/event-versions/GW150914-v4,34.6,-2.6,4.4,30.0,-4.6,2.9,26.0,-0.2,0.1,470.0,-160.0,140.0,-0.04,-0.14,0.12,64.5,-3.2,3.7,27.9,-1.5,1.7,,,,0.1,-0.03,0.03,,,,,,,61.5,-2.9,3.4
